[{"model": "admin.logentry", "pk": 1, "fields": {"action_time": "2023-02-10T19:10:41.618Z", "user": 2, "content_type": 7, "object_id": "1", "object_repr": "kalyana.medavarapu@gmail.com", "action_flag": 1, "change_message": "[{\"added\": {}}]"}}, {"model": "admin.logentry", "pk": 2, "fields": {"action_time": "2023-02-10T19:12:03.910Z", "user": 2, "content_type": 7, "object_id": "1", "object_repr": "kalyana.medavarapu@gmail.com", "action_flag": 2, "change_message": "[{\"changed\": {\"fields\": [\"Profile picture\", \"Cover picture\", \"Address line 1\", \"Address line 2\", \"Country\", \"Postcode\"]}}]"}}, {"model": "admin.logentry", "pk": 3, "fields": {"action_time": "2023-02-10T19:20:19.284Z", "user": 2, "content_type": 7, "object_id": "1", "object_repr": "kalyana.medavarapu@gmail.com", "action_flag": 2, "change_message": "[{\"changed\": {\"fields\": [\"Profile picture\", \"Cover picture\"]}}]"}}, {"model": "admin.logentry", "pk": 4, "fields": {"action_time": "2023-02-10T19:32:29.437Z", "user": 2, "content_type": 6, "object_id": "3", "object_repr": "", "action_flag": 1, "change_message": "[{\"added\": {}}]"}}, {"model": "admin.logentry", "pk": 5, "fields": {"action_time": "2023-02-10T19:37:53.331Z", "user": 2, "content_type": 6, "object_id": "3", "object_repr": "", "action_flag": 3, "change_message": ""}}, {"model": "admin.logentry", "pk": 6, "fields": {"action_time": "2023-02-10T19:38:48.109Z", "user": 2, "content_type": 6, "object_id": "5", "object_repr": "", "action_flag": 1, "change_message": "[{\"added\": {}}]"}}, {"model": "admin.logentry", "pk": 7, "fields": {"action_time": "2023-02-10T19:41:51.320Z", "user": 2, "content_type": 6, "object_id": "5", "object_repr": "", "action_flag": 3, "change_message": ""}}, {"model": "admin.logentry", "pk": 8, "fields": {"action_time": "2023-02-10T19:42:28.883Z", "user": 2, "content_type": 6, "object_id": "6", "object_repr": "", "action_flag": 1, "change_message": "[{\"added\": {}}]"}}, {"model": "admin.logentry", "pk": 9, "fields": {"action_time": "2023-02-10T19:42:45.798Z", "user": 2, "content_type": 6, "object_id": "6", "object_repr": "testuser@kmail.com", "action_flag": 2, "change_message": "[{\"changed\": {\"fields\": [\"First name\", \"Last name\", \"Email\"]}}]"}}, {"model": "admin.logentry", "pk": 10, "fields": {"action_time": "2023-02-10T19:45:29.752Z", "user": 2, "content_type": 7, "object_id": "3", "object_repr": "testuser@kmail.com", "action_flag": 3, "change_message": ""}}, {"model": "admin.logentry", "pk": 11, "fields": {"action_time": "2023-02-10T19:45:42.931Z", "user": 2, "content_type": 6, "object_id": "6", "object_repr": "testuser@kmail.com", "action_flag": 2, "change_message": "[{\"changed\": {\"fields\": [\"Phone number\"]}}]"}}, {"model": "admin.logentry", "pk": 12, "fields": {"action_time": "2023-02-10T19:47:59.339Z", "user": 2, "content_type": 6, "object_id": "6", "object_repr": "testuser@kmail.com", "action_flag": 2, "change_message": "[]"}}, {"model": "admin.logentry", "pk": 13, "fields": {"action_time": "2023-02-10T19:51:49.222Z", "user": 2, "content_type": 6, "object_id": "6", "object_repr": "testuser@kmail.com", "action_flag": 2, "change_message": "[{\"changed\": {\"fields\": [\"Phone number\"]}}]"}}, {"model": "admin.logentry", "pk": 14, "fields": {"action_time": "2023-02-10T19:52:01.756Z", "user": 2, "content_type": 7, "object_id": "4", "object_repr": "testuser@kmail.com", "action_flag": 3, "change_message": ""}}, {"model": "admin.logentry", "pk": 15, "fields": {"action_time": "2023-02-10T19:52:13.493Z", "user": 2, "content_type": 6, "object_id": "6", "object_repr": "testuser@kmail.com", "action_flag": 2, "change_message": "[{\"changed\": {\"fields\": [\"Phone number\"]}}]"}}, {"model": "admin.logentry", "pk": 16, "fields": {"action_time": "2023-02-14T16:54:34.346Z", "user": 2, "content_type": 6, "object_id": "21", "object_repr": "vendor@gmail1.com", "action_flag": 3, "change_message": ""}}, {"model": "admin.logentry", "pk": 17, "fields": {"action_time": "2023-02-14T16:54:34.350Z", "user": 2, "content_type": 6, "object_id": "20", "object_repr": "vendor@gmail.com", "action_flag": 3, "change_message": ""}}, {"model": "admin.logentry", "pk": 18, "fields": {"action_time": "2023-02-17T15:33:07.707Z", "user": 2, "content_type": 6, "object_id": "22", "object_repr": "vendor@gmail2.com", "action_flag": 3, "change_message": ""}}, {"model": "admin.logentry", "pk": 19, "fields": {"action_time": "2023-02-17T15:33:07.724Z", "user": 2, "content_type": 6, "object_id": "19", "object_repr": "test@user3.com2", "action_flag": 3, "change_message": ""}}, {"model": "admin.logentry", "pk": 20, "fields": {"action_time": "2023-02-17T15:33:07.725Z", "user": 2, "content_type": 6, "object_id": "18", "object_repr": "test@user2.com", "action_flag": 3, "change_message": ""}}, {"model": "admin.logentry", "pk": 21, "fields": {"action_time": "2023-02-17T15:33:07.726Z", "user": 2, "content_type": 6, "object_id": "17", "object_repr": "test@user1.com", "action_flag": 3, "change_message": ""}}, {"model": "admin.logentry", "pk": 22, "fields": {"action_time": "2023-02-17T15:33:07.727Z", "user": 2, "content_type": 6, "object_id": "16", "object_repr": "rakasi@gma2il1.com", "action_flag": 3, "change_message": ""}}, {"model": "admin.logentry", "pk": 23, "fields": {"action_time": "2023-02-17T15:33:07.728Z", "user": 2, "content_type": 6, "object_id": "15", "object_repr": "rakasi@gmail1.com", "action_flag": 3, "change_message": ""}}, {"model": "admin.logentry", "pk": 24, "fields": {"action_time": "2023-02-17T15:33:07.729Z", "user": 2, "content_type": 6, "object_id": "14", "object_repr": "rakasi1@gmail.com", "action_flag": 3, "change_message": ""}}, {"model": "admin.logentry", "pk": 25, "fields": {"action_time": "2023-02-17T15:33:07.730Z", "user": 2, "content_type": 6, "object_id": "13", "object_repr": "rakasi@gmail.com", "action_flag": 3, "change_message": ""}}, {"model": "admin.logentry", "pk": 26, "fields": {"action_time": "2023-02-17T15:33:07.731Z", "user": 2, "content_type": 6, "object_id": "12", "object_repr": "mandoo@gmail.com", "action_flag": 3, "change_message": ""}}, {"model": "admin.logentry", "pk": 27, "fields": {"action_time": "2023-02-17T15:33:07.731Z", "user": 2, "content_type": 6, "object_id": "11", "object_repr": "jimding@joke1.com", "action_flag": 3, "change_message": ""}}, {"model": "admin.logentry", "pk": 28, "fields": {"action_time": "2023-02-17T15:33:07.733Z", "user": 2, "content_type": 6, "object_id": "10", "object_repr": "jimding@joke.com", "action_flag": 3, "change_message": ""}}, {"model": "admin.logentry", "pk": 29, "fields": {"action_time": "2023-02-17T15:33:07.734Z", "user": 2, "content_type": 6, "object_id": "9", "object_repr": "john.may@gmail.com", "action_flag": 3, "change_message": ""}}, {"model": "admin.logentry", "pk": 30, "fields": {"action_time": "2023-02-17T15:33:07.735Z", "user": 2, "content_type": 6, "object_id": "8", "object_repr": "john.doe@gmail.com", "action_flag": 3, "change_message": ""}}, {"model": "admin.logentry", "pk": 31, "fields": {"action_time": "2023-02-17T15:33:07.736Z", "user": 2, "content_type": 6, "object_id": "7", "object_repr": "kalyan@gmail.com", "action_flag": 3, "change_message": ""}}, {"model": "admin.logentry", "pk": 32, "fields": {"action_time": "2023-02-17T15:33:07.736Z", "user": 2, "content_type": 6, "object_id": "6", "object_repr": "testuser@kmail.com", "action_flag": 3, "change_message": ""}}, {"model": "admin.logentry", "pk": 33, "fields": {"action_time": "2023-02-17T15:35:25.241Z", "user": 2, "content_type": 6, "object_id": "24", "object_repr": "customer@gmail.com", "action_flag": 2, "change_message": "[{\"changed\": {\"fields\": [\"Is active\"]}}]"}}, {"model": "admin.logentry", "pk": 34, "fields": {"action_time": "2023-02-18T12:02:34.898Z", "user": 2, "content_type": 6, "object_id": "23", "object_repr": "vendor@gmail.com", "action_flag": 2, "change_message": "[{\"changed\": {\"fields\": [\"Is active\"]}}]"}}, {"model": "admin.logentry", "pk": 35, "fields": {"action_time": "2023-02-18T12:48:02.658Z", "user": 2, "content_type": 6, "object_id": "25", "object_repr": "kalyanan_m@yahoo.com", "action_flag": 3, "change_message": ""}}, {"model": "admin.logentry", "pk": 36, "fields": {"action_time": "2023-02-18T17:44:00.010Z", "user": 2, "content_type": 6, "object_id": "26", "object_repr": "kalyanan_m@yahoo.com", "action_flag": 3, "change_message": ""}}, {"model": "admin.logentry", "pk": 37, "fields": {"action_time": "2023-02-18T17:52:47.497Z", "user": 2, "content_type": 6, "object_id": "27", "object_repr": "kalyanan_m@yahoo.com", "action_flag": 3, "change_message": ""}}, {"model": "admin.logentry", "pk": 38, "fields": {"action_time": "2023-02-18T18:07:03.897Z", "user": 2, "content_type": 6, "object_id": "28", "object_repr": "kalyanan_m@yahoo.com", "action_flag": 3, "change_message": ""}}, {"model": "admin.logentry", "pk": 39, "fields": {"action_time": "2023-02-18T18:31:38.466Z", "user": 2, "content_type": 6, "object_id": "29", "object_repr": "kalyanan_m@yahoo.com", "action_flag": 3, "change_message": ""}}, {"model": "admin.logentry", "pk": 40, "fields": {"action_time": "2023-02-18T18:33:33.201Z", "user": 2, "content_type": 6, "object_id": "30", "object_repr": "kalyana.medavarapu@yahoo.com", "action_flag": 3, "change_message": ""}}, {"model": "admin.logentry", "pk": 41, "fields": {"action_time": "2023-02-18T18:49:36.351Z", "user": 2, "content_type": 6, "object_id": "31", "object_repr": "kalyanan_m@yahoo.com", "action_flag": 3, "change_message": ""}}, {"model": "admin.logentry", "pk": 42, "fields": {"action_time": "2023-02-19T11:40:39.067Z", "user": 2, "content_type": 6, "object_id": "32", "object_repr": "kalyan.medavarapu@gmail.com", "action_flag": 2, "change_message": "[{\"changed\": {\"fields\": [\"Is active\"]}}]"}}, {"model": "admin.logentry", "pk": 43, "fields": {"action_time": "2023-02-19T11:41:17.534Z", "user": 2, "content_type": 6, "object_id": "32", "object_repr": "kalyan.medavarapu@gmail.com", "action_flag": 2, "change_message": "[{\"changed\": {\"fields\": [\"Is active\"]}}]"}}, {"model": "admin.logentry", "pk": 44, "fields": {"action_time": "2023-02-19T11:41:42.282Z", "user": 2, "content_type": 6, "object_id": "32", "object_repr": "kalyan.medavarapu@gmail.com", "action_flag": 2, "change_message": "[]"}}, {"model": "admin.logentry", "pk": 45, "fields": {"action_time": "2023-02-19T11:43:20.956Z", "user": 2, "content_type": 8, "object_id": "3", "object_repr": "CleanChef", "action_flag": 2, "change_message": "[{\"changed\": {\"fields\": [\"Is approved\"]}}]"}}, {"model": "admin.logentry", "pk": 46, "fields": {"action_time": "2023-02-19T11:46:25.497Z", "user": 2, "content_type": 8, "object_id": "3", "object_repr": "CleanChef", "action_flag": 2, "change_message": "[{\"changed\": {\"fields\": [\"Is approved\"]}}]"}}, {"model": "admin.logentry", "pk": 47, "fields": {"action_time": "2023-02-19T11:46:29.785Z", "user": 2, "content_type": 8, "object_id": "3", "object_repr": "CleanChef", "action_flag": 2, "change_message": "[{\"changed\": {\"fields\": [\"Is approved\"]}}]"}}, {"model": "admin.logentry", "pk": 48, "fields": {"action_time": "2023-02-19T14:28:34.231Z", "user": 2, "content_type": 7, "object_id": "31", "object_repr": "kalyan.medavarapu@gmail.com", "action_flag": 2, "change_message": "[{\"changed\": {\"fields\": [\"Profile picture\", \"Cover picture\", \"Address line 1\", \"Address line 2\", \"Country\", \"Postcode\"]}}]"}}, {"model": "admin.logentry", "pk": 49, "fields": {"action_time": "2023-02-21T22:28:59.844Z", "user": 2, "content_type": 7, "object_id": "31", "object_repr": "kalyan.medavarapu@gmail.com", "action_flag": 2, "change_message": "[{\"changed\": {\"fields\": [\"Address\", \"City\"]}}]"}}, {"model": "admin.logentry", "pk": 50, "fields": {"action_time": "2023-02-24T13:24:41.040Z", "user": 2, "content_type": 9, "object_id": "1", "object_repr": "Burgers", "action_flag": 1, "change_message": "[{\"added\": {}}]"}}, {"model": "admin.logentry", "pk": 51, "fields": {"action_time": "2023-02-24T13:25:20.134Z", "user": 2, "content_type": 9, "object_id": "1", "object_repr": "Burgers", "action_flag": 2, "change_message": "[{\"changed\": {\"fields\": [\"Description\"]}}]"}}, {"model": "admin.logentry", "pk": 52, "fields": {"action_time": "2023-02-24T13:57:59.185Z", "user": 2, "content_type": 9, "object_id": "2", "object_repr": "chicken", "action_flag": 1, "change_message": "[{\"added\": {}}]"}}, {"model": "admin.logentry", "pk": 53, "fields": {"action_time": "2023-02-24T13:58:18.059Z", "user": 2, "content_type": 9, "object_id": "3", "object_repr": "Meat Dishes", "action_flag": 1, "change_message": "[{\"added\": {}}]"}}, {"model": "admin.logentry", "pk": 54, "fields": {"action_time": "2023-02-24T13:58:37.139Z", "user": 2, "content_type": 9, "object_id": "4", "object_repr": "Vegetarian dishes", "action_flag": 1, "change_message": "[{\"added\": {}}]"}}, {"model": "admin.logentry", "pk": 55, "fields": {"action_time": "2023-02-24T14:55:12.351Z", "user": 2, "content_type": 10, "object_id": "1", "object_repr": "food abhi", "action_flag": 1, "change_message": "[{\"added\": {}}]"}}, {"model": "admin.logentry", "pk": 56, "fields": {"action_time": "2023-02-24T15:41:32.752Z", "user": 2, "content_type": 10, "object_id": "2", "object_repr": "Fried Chicken", "action_flag": 1, "change_message": "[{\"added\": {}}]"}}, {"model": "admin.logentry", "pk": 57, "fields": {"action_time": "2023-02-25T09:43:06.305Z", "user": 2, "content_type": 9, "object_id": "3", "object_repr": "Meat Dishes", "action_flag": 2, "change_message": "[{\"changed\": {\"fields\": [\"Description\"]}}]"}}, {"model": "admin.logentry", "pk": 58, "fields": {"action_time": "2023-02-27T10:57:53.098Z", "user": 2, "content_type": 8, "object_id": "4", "object_repr": "Second Restaurant", "action_flag": 2, "change_message": "[{\"changed\": {\"fields\": [\"Is approved\"]}}]"}}, {"model": "admin.logentry", "pk": 59, "fields": {"action_time": "2023-02-27T11:45:59.466Z", "user": 2, "content_type": 8, "object_id": "4", "object_repr": "Second Restaurant", "action_flag": 2, "change_message": "[{\"changed\": {\"fields\": [\"Slug\"]}}]"}}, {"model": "admin.logentry", "pk": 60, "fields": {"action_time": "2023-02-27T11:46:09.997Z", "user": 2, "content_type": 8, "object_id": "3", "object_repr": "Clean Chef", "action_flag": 2, "change_message": "[{\"changed\": {\"fields\": [\"Slug\"]}}]"}}, {"model": "admin.logentry", "pk": 61, "fields": {"action_time": "2023-02-27T11:46:20.133Z", "user": 2, "content_type": 8, "object_id": "2", "object_repr": "HungryBuff guy", "action_flag": 2, "change_message": "[{\"changed\": {\"fields\": [\"Slug\"]}}]"}}, {"model": "admin.logentry", "pk": 62, "fields": {"action_time": "2023-02-27T20:00:57.102Z", "user": 2, "content_type": 11, "object_id": "22", "object_repr": "CleanchefFirst", "action_flag": 3, "change_message": ""}}, {"model": "admin.logentry", "pk": 63, "fields": {"action_time": "2023-02-27T20:00:57.126Z", "user": 2, "content_type": 11, "object_id": "21", "object_repr": "CleanchefFirst", "action_flag": 3, "change_message": ""}}, {"model": "admin.logentry", "pk": 64, "fields": {"action_time": "2023-02-27T20:00:57.133Z", "user": 2, "content_type": 11, "object_id": "20", "object_repr": "CleanchefFirst", "action_flag": 3, "change_message": ""}}, {"model": "admin.logentry", "pk": 65, "fields": {"action_time": "2023-02-27T20:00:57.137Z", "user": 2, "content_type": 11, "object_id": "19", "object_repr": "CleanchefFirst", "action_flag": 3, "change_message": ""}}, {"model": "admin.logentry", "pk": 66, "fields": {"action_time": "2023-02-27T20:00:57.141Z", "user": 2, "content_type": 11, "object_id": "18", "object_repr": "CleanchefFirst", "action_flag": 3, "change_message": ""}}, {"model": "admin.logentry", "pk": 67, "fields": {"action_time": "2023-02-27T20:00:57.146Z", "user": 2, "content_type": 11, "object_id": "17", "object_repr": "CleanchefFirst", "action_flag": 3, "change_message": ""}}, {"model": "admin.logentry", "pk": 68, "fields": {"action_time": "2023-02-27T20:00:57.151Z", "user": 2, "content_type": 11, "object_id": "16", "object_repr": "CleanchefFirst", "action_flag": 3, "change_message": ""}}, {"model": "admin.logentry", "pk": 69, "fields": {"action_time": "2023-02-27T20:00:57.155Z", "user": 2, "content_type": 11, "object_id": "15", "object_repr": "CleanchefFirst", "action_flag": 3, "change_message": ""}}, {"model": "admin.logentry", "pk": 70, "fields": {"action_time": "2023-02-27T20:00:57.158Z", "user": 2, "content_type": 11, "object_id": "14", "object_repr": "CleanchefFirst", "action_flag": 3, "change_message": ""}}, {"model": "admin.logentry", "pk": 71, "fields": {"action_time": "2023-02-27T20:00:57.163Z", "user": 2, "content_type": 11, "object_id": "13", "object_repr": "CleanchefFirst", "action_flag": 3, "change_message": ""}}, {"model": "admin.logentry", "pk": 72, "fields": {"action_time": "2023-02-27T20:00:57.167Z", "user": 2, "content_type": 11, "object_id": "12", "object_repr": "CleanchefFirst", "action_flag": 3, "change_message": ""}}, {"model": "admin.logentry", "pk": 73, "fields": {"action_time": "2023-02-27T20:00:57.171Z", "user": 2, "content_type": 11, "object_id": "11", "object_repr": "CleanchefFirst", "action_flag": 3, "change_message": ""}}, {"model": "admin.logentry", "pk": 74, "fields": {"action_time": "2023-02-27T20:00:57.175Z", "user": 2, "content_type": 11, "object_id": "10", "object_repr": "CleanchefFirst", "action_flag": 3, "change_message": ""}}, {"model": "admin.logentry", "pk": 75, "fields": {"action_time": "2023-02-27T20:00:57.180Z", "user": 2, "content_type": 11, "object_id": "9", "object_repr": "CleanchefFirst", "action_flag": 3, "change_message": ""}}, {"model": "admin.logentry", "pk": 76, "fields": {"action_time": "2023-02-27T20:00:57.183Z", "user": 2, "content_type": 11, "object_id": "8", "object_repr": "CleanchefFirst", "action_flag": 3, "change_message": ""}}, {"model": "admin.logentry", "pk": 77, "fields": {"action_time": "2023-02-27T20:00:57.187Z", "user": 2, "content_type": 11, "object_id": "7", "object_repr": "CleanchefFirst", "action_flag": 3, "change_message": ""}}, {"model": "admin.logentry", "pk": 78, "fields": {"action_time": "2023-02-27T20:00:57.190Z", "user": 2, "content_type": 11, "object_id": "6", "object_repr": "CleanchefFirst", "action_flag": 3, "change_message": ""}}, {"model": "admin.logentry", "pk": 79, "fields": {"action_time": "2023-02-27T20:00:57.193Z", "user": 2, "content_type": 11, "object_id": "5", "object_repr": "CleanchefFirst", "action_flag": 3, "change_message": ""}}, {"model": "admin.logentry", "pk": 80, "fields": {"action_time": "2023-02-27T20:00:57.198Z", "user": 2, "content_type": 11, "object_id": "4", "object_repr": "CleanchefFirst", "action_flag": 3, "change_message": ""}}, {"model": "admin.logentry", "pk": 81, "fields": {"action_time": "2023-02-27T20:00:57.201Z", "user": 2, "content_type": 11, "object_id": "3", "object_repr": "CleanchefFirst", "action_flag": 3, "change_message": ""}}, {"model": "admin.logentry", "pk": 82, "fields": {"action_time": "2023-02-27T20:00:57.205Z", "user": 2, "content_type": 11, "object_id": "2", "object_repr": "CleanchefFirst", "action_flag": 3, "change_message": ""}}, {"model": "admin.logentry", "pk": 83, "fields": {"action_time": "2023-02-27T20:00:57.208Z", "user": 2, "content_type": 11, "object_id": "1", "object_repr": "CleanchefFirst", "action_flag": 3, "change_message": ""}}, {"model": "admin.logentry", "pk": 84, "fields": {"action_time": "2023-02-28T13:43:40.725Z", "user": 2, "content_type": 11, "object_id": "24", "object_repr": "FirstNameuser", "action_flag": 3, "change_message": ""}}, {"model": "admin.logentry", "pk": 85, "fields": {"action_time": "2023-02-28T13:43:40.764Z", "user": 2, "content_type": 11, "object_id": "23", "object_repr": "CleanchefFirst", "action_flag": 3, "change_message": ""}}, {"model": "admin.logentry", "pk": 86, "fields": {"action_time": "2023-02-28T18:37:26.353Z", "user": 2, "content_type": 10, "object_id": "9", "object_repr": "Vegetable manchuria", "action_flag": 1, "change_message": "[{\"added\": {}}]"}}, {"model": "admin.logentry", "pk": 87, "fields": {"action_time": "2023-02-28T18:37:35.882Z", "user": 2, "content_type": 10, "object_id": "1", "object_repr": "Food abhi", "action_flag": 2, "change_message": "[{\"changed\": {\"fields\": [\"Is available\"]}}]"}}, {"model": "admin.logentry", "pk": 88, "fields": {"action_time": "2023-03-01T14:12:59.887Z", "user": 2, "content_type": 10, "object_id": "7", "object_repr": "Sample food", "action_flag": 3, "change_message": ""}}, {"model": "admin.logentry", "pk": 89, "fields": {"action_time": "2023-03-01T14:12:59.895Z", "user": 2, "content_type": 10, "object_id": "1", "object_repr": "Food abhi", "action_flag": 3, "change_message": ""}}, {"model": "admin.logentry", "pk": 90, "fields": {"action_time": "2023-03-01T14:13:11.566Z", "user": 2, "content_type": 10, "object_id": "3", "object_repr": "Test Title food", "action_flag": 3, "change_message": ""}}, {"model": "admin.logentry", "pk": 91, "fields": {"action_time": "2023-03-01T18:26:06.878Z", "user": 2, "content_type": 10, "object_id": "10", "object_repr": "Fried chicken", "action_flag": 1, "change_message": "[{\"added\": {}}]"}}, {"model": "admin.logentry", "pk": 92, "fields": {"action_time": "2023-03-01T18:28:25.408Z", "user": 2, "content_type": 10, "object_id": "11", "object_repr": "First burger", "action_flag": 1, "change_message": "[{\"added\": {}}]"}}, {"model": "admin.logentry", "pk": 93, "fields": {"action_time": "2023-03-01T18:28:48.893Z", "user": 2, "content_type": 10, "object_id": "12", "object_repr": "Beautiful burger", "action_flag": 1, "change_message": "[{\"added\": {}}]"}}, {"model": "admin.logentry", "pk": 94, "fields": {"action_time": "2023-03-01T18:30:44.120Z", "user": 2, "content_type": 10, "object_id": "11", "object_repr": "First burger", "action_flag": 2, "change_message": "[{\"changed\": {\"fields\": [\"Category\"]}}]"}}, {"model": "admin.logentry", "pk": 95, "fields": {"action_time": "2023-03-01T18:30:54.244Z", "user": 2, "content_type": 10, "object_id": "12", "object_repr": "Beautiful burger", "action_flag": 2, "change_message": "[{\"changed\": {\"fields\": [\"Category\"]}}]"}}, {"model": "admin.logentry", "pk": 96, "fields": {"action_time": "2023-03-02T13:11:14.645Z", "user": 2, "content_type": 8, "object_id": "5", "object_repr": "hostiseum rest", "action_flag": 2, "change_message": "[{\"changed\": {\"fields\": [\"Is approved\"]}}]"}}, {"model": "admin.logentry", "pk": 97, "fields": {"action_time": "2023-03-02T13:11:15.111Z", "user": 2, "content_type": 8, "object_id": "5", "object_repr": "hostiseum rest", "action_flag": 2, "change_message": "[{\"changed\": {\"fields\": [\"Is approved\"]}}]"}}, {"model": "admin.logentry", "pk": 98, "fields": {"action_time": "2023-03-02T13:11:15.790Z", "user": 2, "content_type": 8, "object_id": "2", "object_repr": "HungryBuff guy", "action_flag": 2, "change_message": "[{\"changed\": {\"fields\": [\"Is approved\"]}}]"}}, {"model": "admin.logentry", "pk": 99, "fields": {"action_time": "2023-03-02T13:11:16.587Z", "user": 2, "content_type": 8, "object_id": "2", "object_repr": "HungryBuff guy", "action_flag": 2, "change_message": "[{\"changed\": {\"fields\": [\"Is approved\"]}}]"}}, {"model": "admin.logentry", "pk": 100, "fields": {"action_time": "2023-03-02T15:49:23.560Z", "user": 2, "content_type": 8, "object_id": "5", "object_repr": "Turtle Bay Milton Keynes", "action_flag": 2, "change_message": "[{\"changed\": {\"fields\": [\"Vendor name\"]}}]"}}, {"model": "admin.logentry", "pk": 101, "fields": {"action_time": "2023-03-02T15:49:43.519Z", "user": 2, "content_type": 8, "object_id": "4", "object_repr": "Cross Keys", "action_flag": 2, "change_message": "[{\"changed\": {\"fields\": [\"Vendor name\"]}}]"}}, {"model": "admin.logentry", "pk": 102, "fields": {"action_time": "2023-03-02T15:50:07.481Z", "user": 2, "content_type": 8, "object_id": "3", "object_repr": "Melis", "action_flag": 2, "change_message": "[{\"changed\": {\"fields\": [\"Vendor name\"]}}]"}}, {"model": "admin.logentry", "pk": 103, "fields": {"action_time": "2023-03-02T15:57:35.241Z", "user": 2, "content_type": 9, "object_id": "17", "object_repr": "Cold & iced drinks", "action_flag": 2, "change_message": "[{\"changed\": {\"fields\": [\"Category name\", \"Description\"]}}]"}}, {"model": "admin.logentry", "pk": 104, "fields": {"action_time": "2023-03-02T15:58:07.021Z", "user": 2, "content_type": 9, "object_id": "16", "object_repr": "Hot drinks", "action_flag": 2, "change_message": "[{\"changed\": {\"fields\": [\"Category name\", \"Description\"]}}]"}}, {"model": "admin.logentry", "pk": 105, "fields": {"action_time": "2023-03-02T15:58:11.827Z", "user": 2, "content_type": 9, "object_id": "17", "object_repr": "Cold & iced drinks", "action_flag": 2, "change_message": "[]"}}, {"model": "admin.logentry", "pk": 106, "fields": {"action_time": "2023-03-02T16:00:40.163Z", "user": 2, "content_type": 10, "object_id": "9", "object_repr": "Vegetarian moussaka", "action_flag": 2, "change_message": "[{\"changed\": {\"fields\": [\"Food title\", \"Description\"]}}]"}}, {"model": "admin.logentry", "pk": 107, "fields": {"action_time": "2023-03-02T16:01:13.278Z", "user": 2, "content_type": 10, "object_id": "10", "object_repr": "Halep chicken", "action_flag": 2, "change_message": "[{\"changed\": {\"fields\": [\"Food title\", \"Description\"]}}]"}}, {"model": "admin.logentry", "pk": 108, "fields": {"action_time": "2023-03-02T16:01:37.842Z", "user": 2, "content_type": 9, "object_id": "18", "object_repr": "Hot mezzes", "action_flag": 1, "change_message": "[{\"added\": {}}]"}}, {"model": "admin.logentry", "pk": 109, "fields": {"action_time": "2023-03-02T16:01:55.917Z", "user": 2, "content_type": 9, "object_id": "19", "object_repr": "Chef’s salads", "action_flag": 1, "change_message": "[{\"added\": {}}]"}}, {"model": "admin.logentry", "pk": 110, "fields": {"action_time": "2023-03-02T16:02:48.855Z", "user": 2, "content_type": 10, "object_id": "13", "object_repr": "Chicken salad", "action_flag": 1, "change_message": "[{\"added\": {}}]"}}, {"model": "admin.logentry", "pk": 111, "fields": {"action_time": "2023-03-02T16:03:28.648Z", "user": 2, "content_type": 10, "object_id": "14", "object_repr": "Halloumi salad", "action_flag": 1, "change_message": "[{\"added\": {}}]"}}, {"model": "admin.logentry", "pk": 112, "fields": {"action_time": "2023-03-02T16:04:43.648Z", "user": 2, "content_type": 9, "object_id": "20", "object_repr": "From the charcoal grill", "action_flag": 1, "change_message": "[{\"added\": {}}]"}}, {"model": "admin.logentry", "pk": 113, "fields": {"action_time": "2023-03-02T16:05:21.292Z", "user": 2, "content_type": 10, "object_id": "15", "object_repr": "Chicken shish", "action_flag": 1, "change_message": "[{\"added\": {}}]"}}, {"model": "admin.logentry", "pk": 114, "fields": {"action_time": "2023-03-02T16:06:05.206Z", "user": 2, "content_type": 10, "object_id": "16", "object_repr": "Chicken wings", "action_flag": 1, "change_message": "[{\"added\": {}}]"}}, {"model": "admin.logentry", "pk": 115, "fields": {"action_time": "2023-03-02T16:06:35.837Z", "user": 2, "content_type": 10, "object_id": "17", "object_repr": "Lamb shish", "action_flag": 1, "change_message": "[{\"added\": {}}]"}}, {"model": "admin.logentry", "pk": 116, "fields": {"action_time": "2023-03-04T20:39:18.598Z", "user": 2, "content_type": 7, "object_id": "31", "object_repr": "kalyan.medavarapu@gmail.com", "action_flag": 2, "change_message": "[]"}}, {"model": "admin.logentry", "pk": 117, "fields": {"action_time": "2023-03-04T20:42:25.334Z", "user": 2, "content_type": 7, "object_id": "33", "object_repr": "krishnaveni.medavarapu@gmail.com", "action_flag": 2, "change_message": "[]"}}, {"model": "admin.logentry", "pk": 118, "fields": {"action_time": "2023-03-04T20:42:52.273Z", "user": 2, "content_type": 7, "object_id": "32", "object_repr": "kalyanan_m@yahoo.com", "action_flag": 2, "change_message": "[]"}}, {"model": "admin.logentry", "pk": 119, "fields": {"action_time": "2023-03-04T20:43:02.407Z", "user": 2, "content_type": 7, "object_id": "1", "object_repr": "kalyana.medavarapu@gmail.com", "action_flag": 2, "change_message": "[]"}}, {"model": "admin.logentry", "pk": 120, "fields": {"action_time": "2023-03-04T20:50:45.443Z", "user": 2, "content_type": 7, "object_id": "31", "object_repr": "kalyan.medavarapu@gmail.com", "action_flag": 2, "change_message": "[{\"changed\": {\"fields\": [\"Location\"]}}]"}}, {"model": "admin.logentry", "pk": 121, "fields": {"action_time": "2023-03-04T20:51:16.164Z", "user": 2, "content_type": 7, "object_id": "31", "object_repr": "kalyan.medavarapu@gmail.com", "action_flag": 2, "change_message": "[]"}}, {"model": "admin.logentry", "pk": 122, "fields": {"action_time": "2023-03-05T19:05:24.275Z", "user": 2, "content_type": 7, "object_id": "34", "object_repr": "hostiseum@gmail.com", "action_flag": 2, "change_message": "[{\"changed\": {\"fields\": [\"Latitude\", \"Longitude\"]}}]"}}, {"model": "admin.logentry", "pk": 123, "fields": {"action_time": "2023-03-05T19:06:19.219Z", "user": 2, "content_type": 7, "object_id": "32", "object_repr": "kalyanan_m@yahoo.com", "action_flag": 2, "change_message": "[{\"changed\": {\"fields\": [\"Latitude\", \"Longitude\"]}}]"}}, {"model": "admin.logentry", "pk": 124, "fields": {"action_time": "2023-03-05T19:07:16.812Z", "user": 2, "content_type": 7, "object_id": "22", "object_repr": "vendor@gmail.com", "action_flag": 2, "change_message": "[{\"changed\": {\"fields\": [\"Latitude\", \"Longitude\"]}}]"}}, {"model": "admin.logentry", "pk": 125, "fields": {"action_time": "2023-03-05T19:07:40.253Z", "user": 2, "content_type": 7, "object_id": "1", "object_repr": "kalyana.medavarapu@gmail.com", "action_flag": 2, "change_message": "[{\"changed\": {\"fields\": [\"Latitude\", \"Longitude\"]}}]"}}, {"model": "admin.logentry", "pk": 126, "fields": {"action_time": "2023-03-05T19:08:02.339Z", "user": 2, "content_type": 7, "object_id": "1", "object_repr": "kalyana.medavarapu@gmail.com", "action_flag": 2, "change_message": "[{\"changed\": {\"fields\": [\"Latitude\"]}}]"}}, {"model": "admin.logentry", "pk": 127, "fields": {"action_time": "2023-03-05T19:25:22.935Z", "user": 2, "content_type": 6, "object_id": "35", "object_repr": "hostiseum@gmail.com", "action_flag": 2, "change_message": "[{\"changed\": {\"fields\": [\"Is active\"]}}]"}}, {"model": "admin.logentry", "pk": 128, "fields": {"action_time": "2023-03-05T19:27:51.640Z", "user": 2, "content_type": 7, "object_id": "33", "object_repr": "krishnaveni.medavarapu@gmail.com", "action_flag": 2, "change_message": "[{\"changed\": {\"fields\": [\"Latitude\", \"Longitude\"]}}]"}}, {"model": "admin.logentry", "pk": 129, "fields": {"action_time": "2023-03-06T15:02:53.746Z", "user": 2, "content_type": 12, "object_id": "1", "object_repr": "OpeningHour object (1)", "action_flag": 1, "change_message": "[{\"added\": {}}]"}}, {"model": "admin.logentry", "pk": 130, "fields": {"action_time": "2023-03-06T15:03:08.086Z", "user": 2, "content_type": 12, "object_id": "2", "object_repr": "OpeningHour object (2)", "action_flag": 1, "change_message": "[{\"added\": {}}]"}}, {"model": "admin.logentry", "pk": 131, "fields": {"action_time": "2023-03-06T15:03:30.806Z", "user": 2, "content_type": 12, "object_id": "3", "object_repr": "OpeningHour object (3)", "action_flag": 1, "change_message": "[{\"added\": {}}]"}}, {"model": "admin.logentry", "pk": 132, "fields": {"action_time": "2023-03-06T15:03:54.190Z", "user": 2, "content_type": 12, "object_id": "4", "object_repr": "OpeningHour object (4)", "action_flag": 1, "change_message": "[{\"added\": {}}]"}}, {"model": "admin.logentry", "pk": 133, "fields": {"action_time": "2023-03-06T15:04:38.222Z", "user": 2, "content_type": 12, "object_id": "5", "object_repr": "OpeningHour object (5)", "action_flag": 1, "change_message": "[{\"added\": {}}]"}}, {"model": "admin.logentry", "pk": 134, "fields": {"action_time": "2023-03-06T15:04:58.818Z", "user": 2, "content_type": 12, "object_id": "6", "object_repr": "OpeningHour object (6)", "action_flag": 1, "change_message": "[{\"added\": {}}]"}}, {"model": "admin.logentry", "pk": 135, "fields": {"action_time": "2023-03-06T15:05:27.737Z", "user": 2, "content_type": 12, "object_id": "7", "object_repr": "OpeningHour object (7)", "action_flag": 1, "change_message": "[{\"added\": {}}]"}}, {"model": "admin.logentry", "pk": 136, "fields": {"action_time": "2023-03-06T15:05:59.556Z", "user": 2, "content_type": 12, "object_id": "8", "object_repr": "OpeningHour object (8)", "action_flag": 1, "change_message": "[{\"added\": {}}]"}}, {"model": "admin.logentry", "pk": 137, "fields": {"action_time": "2023-03-06T15:06:21.090Z", "user": 2, "content_type": 12, "object_id": "9", "object_repr": "OpeningHour object (9)", "action_flag": 1, "change_message": "[{\"added\": {}}]"}}, {"model": "admin.logentry", "pk": 138, "fields": {"action_time": "2023-03-06T15:06:29.647Z", "user": 2, "content_type": 12, "object_id": "10", "object_repr": "OpeningHour object (10)", "action_flag": 1, "change_message": "[{\"added\": {}}]"}}, {"model": "admin.logentry", "pk": 139, "fields": {"action_time": "2023-03-06T15:08:28.298Z", "user": 2, "content_type": 12, "object_id": "11", "object_repr": "OpeningHour object (11)", "action_flag": 1, "change_message": "[{\"added\": {}}]"}}, {"model": "admin.logentry", "pk": 140, "fields": {"action_time": "2023-03-06T15:08:54.300Z", "user": 2, "content_type": 12, "object_id": "12", "object_repr": "OpeningHour object (12)", "action_flag": 1, "change_message": "[{\"added\": {}}]"}}, {"model": "admin.logentry", "pk": 141, "fields": {"action_time": "2023-03-06T15:09:06.419Z", "user": 2, "content_type": 12, "object_id": "13", "object_repr": "OpeningHour object (13)", "action_flag": 1, "change_message": "[{\"added\": {}}]"}}, {"model": "admin.logentry", "pk": 142, "fields": {"action_time": "2023-03-06T15:09:25.031Z", "user": 2, "content_type": 12, "object_id": "13", "object_repr": "OpeningHour object (13)", "action_flag": 2, "change_message": "[{\"changed\": {\"fields\": [\"From hour\"]}}]"}}, {"model": "admin.logentry", "pk": 143, "fields": {"action_time": "2023-03-06T15:09:42.596Z", "user": 2, "content_type": 12, "object_id": "11", "object_repr": "OpeningHour object (11)", "action_flag": 2, "change_message": "[{\"changed\": {\"fields\": [\"From hour\", \"To hour\", \"Is closed\"]}}]"}}, {"model": "admin.logentry", "pk": 144, "fields": {"action_time": "2023-03-06T17:15:21.080Z", "user": 2, "content_type": 12, "object_id": "3", "object_repr": "OpeningHour object (3)", "action_flag": 2, "change_message": "[{\"changed\": {\"fields\": [\"To hour\"]}}]"}}, {"model": "admin.logentry", "pk": 145, "fields": {"action_time": "2023-03-06T17:19:04.790Z", "user": 2, "content_type": 12, "object_id": "11", "object_repr": "OpeningHour object (11)", "action_flag": 2, "change_message": "[{\"changed\": {\"fields\": [\"Day\"]}}]"}}, {"model": "admin.logentry", "pk": 146, "fields": {"action_time": "2023-03-06T17:19:34.550Z", "user": 2, "content_type": 12, "object_id": "14", "object_repr": "OpeningHour object (14)", "action_flag": 1, "change_message": "[{\"added\": {}}]"}}, {"model": "admin.logentry", "pk": 147, "fields": {"action_time": "2023-03-06T17:21:33.790Z", "user": 2, "content_type": 12, "object_id": "15", "object_repr": "OpeningHour object (15)", "action_flag": 1, "change_message": "[{\"added\": {}}]"}}, {"model": "admin.logentry", "pk": 148, "fields": {"action_time": "2023-03-06T17:22:10.537Z", "user": 2, "content_type": 12, "object_id": "16", "object_repr": "OpeningHour object (16)", "action_flag": 1, "change_message": "[{\"added\": {}}]"}}, {"model": "admin.logentry", "pk": 149, "fields": {"action_time": "2023-03-06T17:22:37.253Z", "user": 2, "content_type": 12, "object_id": "17", "object_repr": "OpeningHour object (17)", "action_flag": 1, "change_message": "[{\"added\": {}}]"}}, {"model": "admin.logentry", "pk": 150, "fields": {"action_time": "2023-03-06T17:23:07.644Z", "user": 2, "content_type": 12, "object_id": "4", "object_repr": "OpeningHour object (4)", "action_flag": 2, "change_message": "[]"}}, {"model": "admin.logentry", "pk": 151, "fields": {"action_time": "2023-03-06T17:23:28.429Z", "user": 2, "content_type": 12, "object_id": "18", "object_repr": "OpeningHour object (18)", "action_flag": 1, "change_message": "[{\"added\": {}}]"}}, {"model": "admin.logentry", "pk": 152, "fields": {"action_time": "2023-03-06T17:23:49.827Z", "user": 2, "content_type": 12, "object_id": "19", "object_repr": "OpeningHour object (19)", "action_flag": 1, "change_message": "[{\"added\": {}}]"}}, {"model": "admin.logentry", "pk": 153, "fields": {"action_time": "2023-03-06T17:24:28.623Z", "user": 2, "content_type": 12, "object_id": "20", "object_repr": "OpeningHour object (20)", "action_flag": 1, "change_message": "[{\"added\": {}}]"}}, {"model": "admin.logentry", "pk": 154, "fields": {"action_time": "2023-03-06T17:24:46.934Z", "user": 2, "content_type": 12, "object_id": "21", "object_repr": "OpeningHour object (21)", "action_flag": 1, "change_message": "[{\"added\": {}}]"}}, {"model": "admin.logentry", "pk": 155, "fields": {"action_time": "2023-03-06T17:28:36.596Z", "user": 2, "content_type": 12, "object_id": "24", "object_repr": "OpeningHour object (24)", "action_flag": 1, "change_message": "[{\"added\": {}}]"}}, {"model": "admin.logentry", "pk": 156, "fields": {"action_time": "2023-03-06T17:29:01.229Z", "user": 2, "content_type": 12, "object_id": "25", "object_repr": "OpeningHour object (25)", "action_flag": 1, "change_message": "[{\"added\": {}}]"}}, {"model": "admin.logentry", "pk": 157, "fields": {"action_time": "2023-03-06T17:35:48.867Z", "user": 2, "content_type": 12, "object_id": "26", "object_repr": "OpeningHour object (26)", "action_flag": 1, "change_message": "[{\"added\": {}}]"}}, {"model": "admin.logentry", "pk": 158, "fields": {"action_time": "2023-03-06T17:36:19.827Z", "user": 2, "content_type": 12, "object_id": "27", "object_repr": "OpeningHour object (27)", "action_flag": 1, "change_message": "[{\"added\": {}}]"}}, {"model": "admin.logentry", "pk": 159, "fields": {"action_time": "2023-03-06T17:36:51.610Z", "user": 2, "content_type": 12, "object_id": "28", "object_repr": "OpeningHour object (28)", "action_flag": 1, "change_message": "[{\"added\": {}}]"}}, {"model": "admin.logentry", "pk": 160, "fields": {"action_time": "2023-03-06T17:37:22.056Z", "user": 2, "content_type": 12, "object_id": "29", "object_repr": "OpeningHour object (29)", "action_flag": 1, "change_message": "[{\"added\": {}}]"}}, {"model": "admin.logentry", "pk": 161, "fields": {"action_time": "2023-03-06T17:38:37.978Z", "user": 2, "content_type": 12, "object_id": "30", "object_repr": "OpeningHour object (30)", "action_flag": 1, "change_message": "[{\"added\": {}}]"}}, {"model": "admin.logentry", "pk": 162, "fields": {"action_time": "2023-03-06T17:38:58.203Z", "user": 2, "content_type": 12, "object_id": "31", "object_repr": "OpeningHour object (31)", "action_flag": 1, "change_message": "[{\"added\": {}}]"}}, {"model": "admin.logentry", "pk": 163, "fields": {"action_time": "2023-03-06T17:41:10.521Z", "user": 2, "content_type": 12, "object_id": "32", "object_repr": "OpeningHour object (32)", "action_flag": 1, "change_message": "[{\"added\": {}}]"}}, {"model": "admin.logentry", "pk": 164, "fields": {"action_time": "2023-03-08T13:14:06.409Z", "user": 2, "content_type": 12, "object_id": "54", "object_repr": "Wednesday", "action_flag": 1, "change_message": "[{\"added\": {}}]"}}, {"model": "admin.logentry", "pk": 165, "fields": {"action_time": "2023-03-08T13:50:11.097Z", "user": 2, "content_type": 13, "object_id": "1", "object_repr": "VAT", "action_flag": 1, "change_message": "[{\"added\": {}}]"}}, {"model": "admin.logentry", "pk": 166, "fields": {"action_time": "2023-03-08T15:40:44.037Z", "user": 2, "content_type": 11, "object_id": "118", "object_repr": "django", "action_flag": 3, "change_message": ""}}, {"model": "admin.logentry", "pk": 167, "fields": {"action_time": "2023-03-08T15:40:44.041Z", "user": 2, "content_type": 11, "object_id": "116", "object_repr": "django", "action_flag": 3, "change_message": ""}}, {"model": "admin.logentry", "pk": 168, "fields": {"action_time": "2023-03-08T15:40:44.042Z", "user": 2, "content_type": 11, "object_id": "115", "object_repr": "django", "action_flag": 3, "change_message": ""}}, {"model": "admin.logentry", "pk": 169, "fields": {"action_time": "2023-03-08T15:40:44.043Z", "user": 2, "content_type": 11, "object_id": "114", "object_repr": "django", "action_flag": 3, "change_message": ""}}, {"model": "admin.logentry", "pk": 170, "fields": {"action_time": "2023-03-08T15:40:44.044Z", "user": 2, "content_type": 11, "object_id": "113", "object_repr": "django", "action_flag": 3, "change_message": ""}}, {"model": "admin.logentry", "pk": 171, "fields": {"action_time": "2023-03-08T15:40:44.044Z", "user": 2, "content_type": 11, "object_id": "111", "object_repr": "django", "action_flag": 3, "change_message": ""}}, {"model": "admin.logentry", "pk": 172, "fields": {"action_time": "2023-03-08T15:40:44.045Z", "user": 2, "content_type": 11, "object_id": "110", "object_repr": "django", "action_flag": 3, "change_message": ""}}, {"model": "admin.logentry", "pk": 173, "fields": {"action_time": "2023-03-08T15:40:44.046Z", "user": 2, "content_type": 11, "object_id": "109", "object_repr": "django", "action_flag": 3, "change_message": ""}}, {"model": "admin.logentry", "pk": 174, "fields": {"action_time": "2023-03-08T15:40:44.046Z", "user": 2, "content_type": 11, "object_id": "108", "object_repr": "django", "action_flag": 3, "change_message": ""}}, {"model": "admin.logentry", "pk": 175, "fields": {"action_time": "2023-03-08T15:40:44.047Z", "user": 2, "content_type": 11, "object_id": "107", "object_repr": "django", "action_flag": 3, "change_message": ""}}, {"model": "admin.logentry", "pk": 176, "fields": {"action_time": "2023-03-08T15:40:44.048Z", "user": 2, "content_type": 11, "object_id": "106", "object_repr": "django", "action_flag": 3, "change_message": ""}}, {"model": "admin.logentry", "pk": 177, "fields": {"action_time": "2023-03-08T15:40:44.048Z", "user": 2, "content_type": 11, "object_id": "104", "object_repr": "django", "action_flag": 3, "change_message": ""}}, {"model": "admin.logentry", "pk": 178, "fields": {"action_time": "2023-03-08T15:40:44.049Z", "user": 2, "content_type": 11, "object_id": "103", "object_repr": "django", "action_flag": 3, "change_message": ""}}, {"model": "admin.logentry", "pk": 179, "fields": {"action_time": "2023-03-08T15:40:44.049Z", "user": 2, "content_type": 11, "object_id": "102", "object_repr": "django", "action_flag": 3, "change_message": ""}}, {"model": "admin.logentry", "pk": 180, "fields": {"action_time": "2023-03-08T15:40:44.050Z", "user": 2, "content_type": 11, "object_id": "101", "object_repr": "django", "action_flag": 3, "change_message": ""}}, {"model": "admin.logentry", "pk": 181, "fields": {"action_time": "2023-03-08T15:40:44.051Z", "user": 2, "content_type": 11, "object_id": "98", "object_repr": "django", "action_flag": 3, "change_message": ""}}, {"model": "admin.logentry", "pk": 182, "fields": {"action_time": "2023-03-08T15:40:44.051Z", "user": 2, "content_type": 11, "object_id": "97", "object_repr": "django", "action_flag": 3, "change_message": ""}}, {"model": "admin.logentry", "pk": 183, "fields": {"action_time": "2023-03-08T15:52:00.492Z", "user": 2, "content_type": 11, "object_id": "120", "object_repr": "django", "action_flag": 3, "change_message": ""}}, {"model": "admin.logentry", "pk": 184, "fields": {"action_time": "2023-03-08T15:52:00.495Z", "user": 2, "content_type": 11, "object_id": "119", "object_repr": "django", "action_flag": 3, "change_message": ""}}, {"model": "admin.logentry", "pk": 185, "fields": {"action_time": "2023-03-08T15:53:50.971Z", "user": 2, "content_type": 11, "object_id": "123", "object_repr": "django", "action_flag": 3, "change_message": ""}}, {"model": "admin.logentry", "pk": 186, "fields": {"action_time": "2023-03-08T15:53:50.974Z", "user": 2, "content_type": 11, "object_id": "122", "object_repr": "django", "action_flag": 3, "change_message": ""}}, {"model": "admin.logentry", "pk": 187, "fields": {"action_time": "2023-03-08T15:53:50.975Z", "user": 2, "content_type": 11, "object_id": "121", "object_repr": "django", "action_flag": 3, "change_message": ""}}, {"model": "admin.logentry", "pk": 188, "fields": {"action_time": "2023-03-08T16:11:22.979Z", "user": 2, "content_type": 11, "object_id": "126", "object_repr": "django", "action_flag": 3, "change_message": ""}}, {"model": "admin.logentry", "pk": 189, "fields": {"action_time": "2023-03-08T16:11:22.997Z", "user": 2, "content_type": 11, "object_id": "125", "object_repr": "django", "action_flag": 3, "change_message": ""}}, {"model": "admin.logentry", "pk": 190, "fields": {"action_time": "2023-03-08T16:11:22.999Z", "user": 2, "content_type": 11, "object_id": "124", "object_repr": "django", "action_flag": 3, "change_message": ""}}, {"model": "admin.logentry", "pk": 191, "fields": {"action_time": "2023-03-10T09:47:16.207Z", "user": 2, "content_type": 7, "object_id": "32", "object_repr": "kalyanan_m@yahoo.com", "action_flag": 2, "change_message": "[{\"changed\": {\"fields\": [\"Address\", \"City\", \"Country\", \"Postcode\"]}}]"}}, {"model": "admin.logentry", "pk": 192, "fields": {"action_time": "2023-03-10T09:49:46.352Z", "user": 2, "content_type": 6, "object_id": "33", "object_repr": "kalyanan_m@yahoo.com", "action_flag": 2, "change_message": "[{\"changed\": {\"fields\": [\"First name\", \"Last name\", \"Username\", \"Phone number\"]}}]"}}, {"model": "admin.logentry", "pk": 193, "fields": {"action_time": "2023-03-13T13:21:37.867Z", "user": 2, "content_type": 14, "object_id": "42", "object_repr": "2023031220400742", "action_flag": 3, "change_message": ""}}, {"model": "admin.logentry", "pk": 194, "fields": {"action_time": "2023-03-13T13:21:37.878Z", "user": 2, "content_type": 14, "object_id": "41", "object_repr": "2023031219082241", "action_flag": 3, "change_message": ""}}, {"model": "admin.logentry", "pk": 195, "fields": {"action_time": "2023-03-13T13:21:37.880Z", "user": 2, "content_type": 14, "object_id": "40", "object_repr": "2023031213294740", "action_flag": 3, "change_message": ""}}, {"model": "admin.logentry", "pk": 196, "fields": {"action_time": "2023-03-13T13:21:37.881Z", "user": 2, "content_type": 14, "object_id": "39", "object_repr": "2023031213225639", "action_flag": 3, "change_message": ""}}, {"model": "admin.logentry", "pk": 197, "fields": {"action_time": "2023-03-13T13:21:37.881Z", "user": 2, "content_type": 14, "object_id": "38", "object_repr": "2023031212295838", "action_flag": 3, "change_message": ""}}, {"model": "admin.logentry", "pk": 198, "fields": {"action_time": "2023-03-13T13:21:37.883Z", "user": 2, "content_type": 14, "object_id": "37", "object_repr": "2023031212231737", "action_flag": 3, "change_message": ""}}, {"model": "admin.logentry", "pk": 199, "fields": {"action_time": "2023-03-13T13:21:37.886Z", "user": 2, "content_type": 14, "object_id": "36", "object_repr": "2023031212200736", "action_flag": 3, "change_message": ""}}, {"model": "admin.logentry", "pk": 200, "fields": {"action_time": "2023-03-13T13:21:37.887Z", "user": 2, "content_type": 14, "object_id": "35", "object_repr": "2023031212134435", "action_flag": 3, "change_message": ""}}, {"model": "admin.logentry", "pk": 201, "fields": {"action_time": "2023-03-13T13:21:37.888Z", "user": 2, "content_type": 14, "object_id": "34", "object_repr": "2023031212094134", "action_flag": 3, "change_message": ""}}, {"model": "admin.logentry", "pk": 202, "fields": {"action_time": "2023-03-13T13:21:37.888Z", "user": 2, "content_type": 14, "object_id": "33", "object_repr": "2023031212054633", "action_flag": 3, "change_message": ""}}, {"model": "admin.logentry", "pk": 203, "fields": {"action_time": "2023-03-13T13:21:37.889Z", "user": 2, "content_type": 14, "object_id": "32", "object_repr": "2023031120251232", "action_flag": 3, "change_message": ""}}, {"model": "admin.logentry", "pk": 204, "fields": {"action_time": "2023-03-13T13:21:37.890Z", "user": 2, "content_type": 14, "object_id": "31", "object_repr": "2023031120191531", "action_flag": 3, "change_message": ""}}, {"model": "admin.logentry", "pk": 205, "fields": {"action_time": "2023-03-13T13:21:37.891Z", "user": 2, "content_type": 14, "object_id": "30", "object_repr": "2023031120183930", "action_flag": 3, "change_message": ""}}, {"model": "admin.logentry", "pk": 206, "fields": {"action_time": "2023-03-13T13:21:37.891Z", "user": 2, "content_type": 14, "object_id": "29", "object_repr": "2023031120164429", "action_flag": 3, "change_message": ""}}, {"model": "admin.logentry", "pk": 207, "fields": {"action_time": "2023-03-13T13:21:37.892Z", "user": 2, "content_type": 14, "object_id": "28", "object_repr": "2023031119425628", "action_flag": 3, "change_message": ""}}, {"model": "admin.logentry", "pk": 208, "fields": {"action_time": "2023-03-13T13:21:37.893Z", "user": 2, "content_type": 14, "object_id": "27", "object_repr": "2023031119413727", "action_flag": 3, "change_message": ""}}, {"model": "admin.logentry", "pk": 209, "fields": {"action_time": "2023-03-13T13:21:37.893Z", "user": 2, "content_type": 14, "object_id": "26", "object_repr": "2023031119272126", "action_flag": 3, "change_message": ""}}, {"model": "admin.logentry", "pk": 210, "fields": {"action_time": "2023-03-13T13:21:37.894Z", "user": 2, "content_type": 14, "object_id": "25", "object_repr": "2023031119183625", "action_flag": 3, "change_message": ""}}, {"model": "admin.logentry", "pk": 211, "fields": {"action_time": "2023-03-13T13:21:37.895Z", "user": 2, "content_type": 14, "object_id": "24", "object_repr": "2023031118564324", "action_flag": 3, "change_message": ""}}, {"model": "admin.logentry", "pk": 212, "fields": {"action_time": "2023-03-13T13:21:37.895Z", "user": 2, "content_type": 14, "object_id": "23", "object_repr": "2023031118562123", "action_flag": 3, "change_message": ""}}, {"model": "admin.logentry", "pk": 213, "fields": {"action_time": "2023-03-13T13:21:37.896Z", "user": 2, "content_type": 14, "object_id": "22", "object_repr": "2023031118555322", "action_flag": 3, "change_message": ""}}, {"model": "admin.logentry", "pk": 214, "fields": {"action_time": "2023-03-13T13:21:37.897Z", "user": 2, "content_type": 14, "object_id": "21", "object_repr": "2023031118553421", "action_flag": 3, "change_message": ""}}, {"model": "admin.logentry", "pk": 215, "fields": {"action_time": "2023-03-13T13:21:37.897Z", "user": 2, "content_type": 14, "object_id": "20", "object_repr": "2023031118551820", "action_flag": 3, "change_message": ""}}, {"model": "admin.logentry", "pk": 216, "fields": {"action_time": "2023-03-13T13:21:37.898Z", "user": 2, "content_type": 14, "object_id": "19", "object_repr": "2023031118501019", "action_flag": 3, "change_message": ""}}, {"model": "admin.logentry", "pk": 217, "fields": {"action_time": "2023-03-13T13:21:37.899Z", "user": 2, "content_type": 14, "object_id": "18", "object_repr": "2023031118493418", "action_flag": 3, "change_message": ""}}, {"model": "admin.logentry", "pk": 218, "fields": {"action_time": "2023-03-13T13:21:37.900Z", "user": 2, "content_type": 14, "object_id": "17", "object_repr": "2023031118485317", "action_flag": 3, "change_message": ""}}, {"model": "admin.logentry", "pk": 219, "fields": {"action_time": "2023-03-13T13:21:37.901Z", "user": 2, "content_type": 14, "object_id": "16", "object_repr": "2023031118483616", "action_flag": 3, "change_message": ""}}, {"model": "admin.logentry", "pk": 220, "fields": {"action_time": "2023-03-13T13:21:37.902Z", "user": 2, "content_type": 14, "object_id": "15", "object_repr": "2023031118472115", "action_flag": 3, "change_message": ""}}, {"model": "admin.logentry", "pk": 221, "fields": {"action_time": "2023-03-13T13:21:37.903Z", "user": 2, "content_type": 14, "object_id": "14", "object_repr": "2023031118441314", "action_flag": 3, "change_message": ""}}, {"model": "admin.logentry", "pk": 222, "fields": {"action_time": "2023-03-13T13:21:37.904Z", "user": 2, "content_type": 14, "object_id": "13", "object_repr": "2023031118383313", "action_flag": 3, "change_message": ""}}, {"model": "admin.logentry", "pk": 223, "fields": {"action_time": "2023-03-13T13:21:37.906Z", "user": 2, "content_type": 14, "object_id": "12", "object_repr": "2023031118365112", "action_flag": 3, "change_message": ""}}, {"model": "admin.logentry", "pk": 224, "fields": {"action_time": "2023-03-13T13:21:37.906Z", "user": 2, "content_type": 14, "object_id": "11", "object_repr": "2023031118363011", "action_flag": 3, "change_message": ""}}, {"model": "admin.logentry", "pk": 225, "fields": {"action_time": "2023-03-13T13:21:37.907Z", "user": 2, "content_type": 14, "object_id": "10", "object_repr": "2023031118353910", "action_flag": 3, "change_message": ""}}, {"model": "admin.logentry", "pk": 226, "fields": {"action_time": "2023-03-13T13:21:37.907Z", "user": 2, "content_type": 14, "object_id": "9", "object_repr": "202303111835309", "action_flag": 3, "change_message": ""}}, {"model": "admin.logentry", "pk": 227, "fields": {"action_time": "2023-03-13T13:21:37.907Z", "user": 2, "content_type": 14, "object_id": "8", "object_repr": "202303111835248", "action_flag": 3, "change_message": ""}}, {"model": "admin.logentry", "pk": 228, "fields": {"action_time": "2023-03-13T13:21:37.908Z", "user": 2, "content_type": 14, "object_id": "7", "object_repr": "202303111835077", "action_flag": 3, "change_message": ""}}, {"model": "admin.logentry", "pk": 229, "fields": {"action_time": "2023-03-13T13:21:37.909Z", "user": 2, "content_type": 14, "object_id": "6", "object_repr": "202303111756176", "action_flag": 3, "change_message": ""}}, {"model": "admin.logentry", "pk": 230, "fields": {"action_time": "2023-03-13T13:21:37.910Z", "user": 2, "content_type": 14, "object_id": "5", "object_repr": "202303111752185", "action_flag": 3, "change_message": ""}}, {"model": "admin.logentry", "pk": 231, "fields": {"action_time": "2023-03-13T13:21:37.910Z", "user": 2, "content_type": 14, "object_id": "4", "object_repr": "202303111506154", "action_flag": 3, "change_message": ""}}, {"model": "admin.logentry", "pk": 232, "fields": {"action_time": "2023-03-13T13:21:37.911Z", "user": 2, "content_type": 14, "object_id": "3", "object_repr": "202303102227213", "action_flag": 3, "change_message": ""}}, {"model": "admin.logentry", "pk": 233, "fields": {"action_time": "2023-03-13T13:21:37.911Z", "user": 2, "content_type": 14, "object_id": "2", "object_repr": "202303102224442", "action_flag": 3, "change_message": ""}}, {"model": "admin.logentry", "pk": 234, "fields": {"action_time": "2023-03-13T13:21:37.912Z", "user": 2, "content_type": 14, "object_id": "1", "object_repr": "1234", "action_flag": 3, "change_message": ""}}, {"model": "admin.logentry", "pk": 235, "fields": {"action_time": "2023-03-13T13:23:34.517Z", "user": 2, "content_type": 14, "object_id": "44", "object_repr": "234234324", "action_flag": 1, "change_message": "[{\"added\": {}}]"}}, {"model": "admin.logentry", "pk": 236, "fields": {"action_time": "2023-03-13T13:23:55.039Z", "user": 2, "content_type": 14, "object_id": "44", "object_repr": "234234324", "action_flag": 2, "change_message": "[{\"changed\": {\"fields\": [\"Is ordered\"]}}]"}}, {"model": "admin.logentry", "pk": 237, "fields": {"action_time": "2023-03-13T13:24:31.642Z", "user": 2, "content_type": 14, "object_id": "45", "object_repr": "45609745698435", "action_flag": 1, "change_message": "[{\"added\": {}}]"}}, {"model": "admin.logentry", "pk": 238, "fields": {"action_time": "2023-03-13T13:25:42.882Z", "user": 2, "content_type": 14, "object_id": "46", "object_repr": "34095908435", "action_flag": 1, "change_message": "[{\"added\": {}}]"}}, {"model": "admin.logentry", "pk": 239, "fields": {"action_time": "2023-03-13T17:32:40.409Z", "user": 2, "content_type": 14, "object_id": "48", "object_repr": "2023031316591048", "action_flag": 2, "change_message": "[{\"changed\": {\"fields\": [\"Is ordered\"]}}]"}}, {"model": "admin.logentry", "pk": 240, "fields": {"action_time": "2023-03-13T17:32:56.203Z", "user": 2, "content_type": 14, "object_id": "48", "object_repr": "2023031316591048", "action_flag": 2, "change_message": "[{\"changed\": {\"fields\": [\"Is ordered\"]}}]"}}, {"model": "auth.permission", "pk": 1, "fields": {"name": "Can add log entry", "content_type": 1, "codename": "add_logentry"}}, {"model": "auth.permission", "pk": 2, "fields": {"name": "Can change log entry", "content_type": 1, "codename": "change_logentry"}}, {"model": "auth.permission", "pk": 3, "fields": {"name": "Can delete log entry", "content_type": 1, "codename": "delete_logentry"}}, {"model": "auth.permission", "pk": 4, "fields": {"name": "Can view log entry", "content_type": 1, "codename": "view_logentry"}}, {"model": "auth.permission", "pk": 5, "fields": {"name": "Can add permission", "content_type": 2, "codename": "add_permission"}}, {"model": "auth.permission", "pk": 6, "fields": {"name": "Can change permission", "content_type": 2, "codename": "change_permission"}}, {"model": "auth.permission", "pk": 7, "fields": {"name": "Can delete permission", "content_type": 2, "codename": "delete_permission"}}, {"model": "auth.permission", "pk": 8, "fields": {"name": "Can view permission", "content_type": 2, "codename": "view_permission"}}, {"model": "auth.permission", "pk": 9, "fields": {"name": "Can add group", "content_type": 3, "codename": "add_group"}}, {"model": "auth.permission", "pk": 10, "fields": {"name": "Can change group", "content_type": 3, "codename": "change_group"}}, {"model": "auth.permission", "pk": 11, "fields": {"name": "Can delete group", "content_type": 3, "codename": "delete_group"}}, {"model": "auth.permission", "pk": 12, "fields": {"name": "Can view group", "content_type": 3, "codename": "view_group"}}, {"model": "auth.permission", "pk": 13, "fields": {"name": "Can add content type", "content_type": 4, "codename": "add_contenttype"}}, {"model": "auth.permission", "pk": 14, "fields": {"name": "Can change content type", "content_type": 4, "codename": "change_contenttype"}}, {"model": "auth.permission", "pk": 15, "fields": {"name": "Can delete content type", "content_type": 4, "codename": "delete_contenttype"}}, {"model": "auth.permission", "pk": 16, "fields": {"name": "Can view content type", "content_type": 4, "codename": "view_contenttype"}}, {"model": "auth.permission", "pk": 17, "fields": {"name": "Can add session", "content_type": 5, "codename": "add_session"}}, {"model": "auth.permission", "pk": 18, "fields": {"name": "Can change session", "content_type": 5, "codename": "change_session"}}, {"model": "auth.permission", "pk": 19, "fields": {"name": "Can delete session", "content_type": 5, "codename": "delete_session"}}, {"model": "auth.permission", "pk": 20, "fields": {"name": "Can view session", "content_type": 5, "codename": "view_session"}}, {"model": "auth.permission", "pk": 21, "fields": {"name": "Can add user", "content_type": 6, "codename": "add_user"}}, {"model": "auth.permission", "pk": 22, "fields": {"name": "Can change user", "content_type": 6, "codename": "change_user"}}, {"model": "auth.permission", "pk": 23, "fields": {"name": "Can delete user", "content_type": 6, "codename": "delete_user"}}, {"model": "auth.permission", "pk": 24, "fields": {"name": "Can view user", "content_type": 6, "codename": "view_user"}}, {"model": "auth.permission", "pk": 25, "fields": {"name": "Can add user profile", "content_type": 7, "codename": "add_userprofile"}}, {"model": "auth.permission", "pk": 26, "fields": {"name": "Can change user profile", "content_type": 7, "codename": "change_userprofile"}}, {"model": "auth.permission", "pk": 27, "fields": {"name": "Can delete user profile", "content_type": 7, "codename": "delete_userprofile"}}, {"model": "auth.permission", "pk": 28, "fields": {"name": "Can view user profile", "content_type": 7, "codename": "view_userprofile"}}, {"model": "auth.permission", "pk": 29, "fields": {"name": "Can add vendor", "content_type": 8, "codename": "add_vendor"}}, {"model": "auth.permission", "pk": 30, "fields": {"name": "Can change vendor", "content_type": 8, "codename": "change_vendor"}}, {"model": "auth.permission", "pk": 31, "fields": {"name": "Can delete vendor", "content_type": 8, "codename": "delete_vendor"}}, {"model": "auth.permission", "pk": 32, "fields": {"name": "Can view vendor", "content_type": 8, "codename": "view_vendor"}}, {"model": "auth.permission", "pk": 33, "fields": {"name": "Can add category", "content_type": 9, "codename": "add_category"}}, {"model": "auth.permission", "pk": 34, "fields": {"name": "Can change category", "content_type": 9, "codename": "change_category"}}, {"model": "auth.permission", "pk": 35, "fields": {"name": "Can delete category", "content_type": 9, "codename": "delete_category"}}, {"model": "auth.permission", "pk": 36, "fields": {"name": "Can view category", "content_type": 9, "codename": "view_category"}}, {"model": "auth.permission", "pk": 37, "fields": {"name": "Can add food item", "content_type": 10, "codename": "add_fooditem"}}, {"model": "auth.permission", "pk": 38, "fields": {"name": "Can change food item", "content_type": 10, "codename": "change_fooditem"}}, {"model": "auth.permission", "pk": 39, "fields": {"name": "Can delete food item", "content_type": 10, "codename": "delete_fooditem"}}, {"model": "auth.permission", "pk": 40, "fields": {"name": "Can view food item", "content_type": 10, "codename": "view_fooditem"}}, {"model": "auth.permission", "pk": 41, "fields": {"name": "Can add cart", "content_type": 11, "codename": "add_cart"}}, {"model": "auth.permission", "pk": 42, "fields": {"name": "Can change cart", "content_type": 11, "codename": "change_cart"}}, {"model": "auth.permission", "pk": 43, "fields": {"name": "Can delete cart", "content_type": 11, "codename": "delete_cart"}}, {"model": "auth.permission", "pk": 44, "fields": {"name": "Can view cart", "content_type": 11, "codename": "view_cart"}}, {"model": "auth.permission", "pk": 45, "fields": {"name": "Can add opening hour", "content_type": 12, "codename": "add_openinghour"}}, {"model": "auth.permission", "pk": 46, "fields": {"name": "Can change opening hour", "content_type": 12, "codename": "change_openinghour"}}, {"model": "auth.permission", "pk": 47, "fields": {"name": "Can delete opening hour", "content_type": 12, "codename": "delete_openinghour"}}, {"model": "auth.permission", "pk": 48, "fields": {"name": "Can view opening hour", "content_type": 12, "codename": "view_openinghour"}}, {"model": "auth.permission", "pk": 49, "fields": {"name": "Can add tax", "content_type": 13, "codename": "add_tax"}}, {"model": "auth.permission", "pk": 50, "fields": {"name": "Can change tax", "content_type": 13, "codename": "change_tax"}}, {"model": "auth.permission", "pk": 51, "fields": {"name": "Can delete tax", "content_type": 13, "codename": "delete_tax"}}, {"model": "auth.permission", "pk": 52, "fields": {"name": "Can view tax", "content_type": 13, "codename": "view_tax"}}, {"model": "auth.permission", "pk": 53, "fields": {"name": "Can add order", "content_type": 14, "codename": "add_order"}}, {"model": "auth.permission", "pk": 54, "fields": {"name": "Can change order", "content_type": 14, "codename": "change_order"}}, {"model": "auth.permission", "pk": 55, "fields": {"name": "Can delete order", "content_type": 14, "codename": "delete_order"}}, {"model": "auth.permission", "pk": 56, "fields": {"name": "Can view order", "content_type": 14, "codename": "view_order"}}, {"model": "auth.permission", "pk": 57, "fields": {"name": "Can add payment", "content_type": 15, "codename": "add_payment"}}, {"model": "auth.permission", "pk": 58, "fields": {"name": "Can change payment", "content_type": 15, "codename": "change_payment"}}, {"model": "auth.permission", "pk": 59, "fields": {"name": "Can delete payment", "content_type": 15, "codename": "delete_payment"}}, {"model": "auth.permission", "pk": 60, "fields": {"name": "Can view payment", "content_type": 15, "codename": "view_payment"}}, {"model": "auth.permission", "pk": 61, "fields": {"name": "Can add ordered food", "content_type": 16, "codename": "add_orderedfood"}}, {"model": "auth.permission", "pk": 62, "fields": {"name": "Can change ordered food", "content_type": 16, "codename": "change_orderedfood"}}, {"model": "auth.permission", "pk": 63, "fields": {"name": "Can delete ordered food", "content_type": 16, "codename": "delete_orderedfood"}}, {"model": "auth.permission", "pk": 64, "fields": {"name": "Can view ordered food", "content_type": 16, "codename": "view_orderedfood"}}, {"model": "contenttypes.contenttype", "pk": 1, "fields": {"app_label": "admin", "model": "logentry"}}, {"model": "contenttypes.contenttype", "pk": 2, "fields": {"app_label": "auth", "model": "permission"}}, {"model": "contenttypes.contenttype", "pk": 3, "fields": {"app_label": "auth", "model": "group"}}, {"model": "contenttypes.contenttype", "pk": 4, "fields": {"app_label": "contenttypes", "model": "contenttype"}}, {"model": "contenttypes.contenttype", "pk": 5, "fields": {"app_label": "sessions", "model": "session"}}, {"model": "contenttypes.contenttype", "pk": 6, "fields": {"app_label": "accounts", "model": "user"}}, {"model": "contenttypes.contenttype", "pk": 7, "fields": {"app_label": "accounts", "model": "userprofile"}}, {"model": "contenttypes.contenttype", "pk": 8, "fields": {"app_label": "vendor", "model": "vendor"}}, {"model": "contenttypes.contenttype", "pk": 9, "fields": {"app_label": "menu", "model": "category"}}, {"model": "contenttypes.contenttype", "pk": 10, "fields": {"app_label": "menu", "model": "fooditem"}}, {"model": "contenttypes.contenttype", "pk": 11, "fields": {"app_label": "marketplace", "model": "cart"}}, {"model": "contenttypes.contenttype", "pk": 12, "fields": {"app_label": "vendor", "model": "openinghour"}}, {"model": "contenttypes.contenttype", "pk": 13, "fields": {"app_label": "marketplace", "model": "tax"}}, {"model": "contenttypes.contenttype", "pk": 14, "fields": {"app_label": "order", "model": "order"}}, {"model": "contenttypes.contenttype", "pk": 15, "fields": {"app_label": "order", "model": "payment"}}, {"model": "contenttypes.contenttype", "pk": 16, "fields": {"app_label": "order", "model": "orderedfood"}}, {"model": "sessions.session", "pk": "8cczk0ce7glvbmv6a71kzssqye0h6sz7", "fields": {"session_data": "e30:1pTLcf:NrZqdYyxs5UwiFmgZHXPwM_6Kr2dIteTzklVnvMayqQ", "expire_date": "2023-03-04T11:43:21.699Z"}}, {"model": "sessions.session", "pk": "8zhovcq69x65wen85h415uhz1qha4eit", "fields": {"session_data": ".eJxVjDsOAjEMBe-SGkVxFGXXlPScIbITmyygRNpPhbg7rLQFtG9m3ssk2taatkXmNBVzNt6cfjem_JC2g3Kndus297bOE9tdsQdd7LUXeV4O9--g0lK_tSAExSiqCKLgXJHoyjgAsnqFwFmKRuAgPkQvQhxQRyTA7JDiYN4fA-Y4qA:1pYYWs:ypizy4FMkcWjRY2x4dhJkTVg1Hv7hlNR84qJ0ROW0GQ", "expire_date": "2023-03-18T20:30:54.245Z"}}, {"model": "sessions.session", "pk": "acgk6axexndqznt72nog9dom7on62htw", "fields": {"session_data": ".eJxVjDsOAjEMBe-SGkVxFGXXlPScIbITmyygRNpPhbg7rLQFtG9m3ssk2taatkXmNBVzNt6cfjem_JC2g3Kndus297bOE9tdsQdd7LUXeV4O9--g0lK_tSAExSiqCKLgXJHoyjgAsnqFwFmKRuAgPkQvQhxQRyTA7JDiYN4fA-Y4qA:1paig3:-mVVMn0W3zQZ93LfTmM6MiAt49uDg4Cswx7rkwMDWQs", "expire_date": "2023-03-24T19:45:19.476Z"}}, {"model": "sessions.session", "pk": "fktmhxtr7agavu61zd4uxdrzgrj74ia4", "fields": {"session_data": ".eJxVjMsOwiAQRf-FtSEwpUNx6d5vIDM8pGogKe3K-O_apAvd3nPOfQlP21r81tPi5yjOYgBx-h2ZwiPVncQ71VuTodV1mVnuijxol9cW0_NyuH8HhXr51sQORgUuqayHpBJiRAs6gmO2jBmZJ2dUDhq1AcicCYwDbYmUHScQ7w__ZzeY:1pc8Cv:By77CeDJPMN3cp5MBdi5CYOZdbiVUovQoC-8rwFR9zE", "expire_date": "2023-03-28T17:13:05.392Z"}}, {"model": "sessions.session", "pk": "g1mhhfp9zs0xhwk5lp4g60ax9cjchcn8", "fields": {"session_data": ".eJxVjDsOAjEMBe-SGkVxFGXXlPScIbITmyygRNpPhbg7rLQFtG9m3ssk2taatkXmNBVzNt6cfjem_JC2g3Kndus297bOE9tdsQdd7LUXeV4O9--g0lK_tSAExSiqCKLgXJHoyjgAsnqFwFmKRuAgPkQvQhxQRyTA7JDiYN4fA-Y4qA:1pTRdF:wO5c2JKeItX75ZcC1R7s28tTcu7SY3wOiBzlS2kDrlg", "expire_date": "2023-03-04T18:08:21.207Z"}}, {"model": "sessions.session", "pk": "p8bwvrib7hoa4yuv6361wlm51vkdo5c3", "fields": {"session_data": ".eJxVjMsOwiAQRf-FtSEwpUNx6d5vIDM8pGogKe3K-O_apAvd3nPOfQlP21r81tPi5yjOYgBx-h2ZwiPVncQ71VuTodV1mVnuijxol9cW0_NyuH8HhXr51sQORgUuqayHpBJiRAs6gmO2jBmZJ2dUDhq1AcicCYwDbYmUHScQ7w__ZzeY:1pUb1W:qgUsyl0SZwjCRlxE-Rti2wgT-6TuPmBxdoXasoWMziE", "expire_date": "2023-03-07T22:22:10.830Z"}}, {"model": "sessions.session", "pk": "uu469861bimu4u1ssshkhnrf8yzjejfk", "fields": {"session_data": ".eJxVjMsOwiAQRf-FtSFDeQgu3fsNZGYAqRqalHZl_HfbpAvdnnPufYuI61Lj2vMcxyQuQmtx-oWE_MxtN-mB7T5JntoyjyT3RB62y9uU8ut6tH8HFXvd1gBBsbGAKaRslPMOSmFNZyStSgG7YQK0mjBZHbxRaLmQHwb2jrMSny8PWjiE:1pZxiW:bMlWb3tQrcbPitcLGCSblqrQ1Q1LDA7_VRyKsTied3s", "expire_date": "2023-03-22T17:36:44.737Z"}}, {"model": "accounts.user", "pk": 2, "fields": {"password": "pbkdf2_sha256$390000$ttNDKschOe4ENTyYmllWsT$hSwYASJSRolR+XEEnCH0p/RCGgv5Y1WoMBNqxM9tPHo=", "first_name": "django", "last_name": "admin", "username": "djangoadmin", "email": "kalyana.medavarapu@gmail.com", "phone_number": "", "role": null, "date_joined": "2023-02-10T18:40:58.158Z", "last_login": "2023-03-13T15:03:39.941Z", "created_date": "2023-02-10T18:40:58.158Z", "modified_date": "2023-02-18T12:01:33.915Z", "is_admin": true, "is_staff": true, "is_active": true, "is_superadmin": true}}, {"model": "accounts.user", "pk": 23, "fields": {"password": "pbkdf2_sha256$390000$BIw5i95ySMfkFvYeAIFjR4$+35rl2YQ4ruh69sk869un50w+6tN2QbVCsm7lVDhnho=", "first_name": "vendor", "last_name": "owner", "username": "vendor", "email": "vendor@gmail.com", "phone_number": "", "role": 1, "date_joined": "2023-02-17T15:33:53.409Z", "last_login": "2023-02-18T12:03:08.047Z", "created_date": "2023-02-17T15:33:53.409Z", "modified_date": "2023-02-18T12:02:34.885Z", "is_admin": false, "is_staff": false, "is_active": true, "is_superadmin": false}}, {"model": "accounts.user", "pk": 24, "fields": {"password": "pbkdf2_sha256$390000$YiJdUzpixVl2GrMpkJQv4Z$NdJSVZw7MubgCJZO5ApKH7Lu7altYKVha5s1f7mtWes=", "first_name": "customer", "last_name": "cust", "username": "customerr", "email": "customer@gmail.com", "phone_number": "", "role": 2, "date_joined": "2023-02-17T15:34:54.921Z", "last_login": "2023-02-18T11:58:22.941Z", "created_date": "2023-02-17T15:34:54.921Z", "modified_date": "2023-02-17T15:35:25.233Z", "is_admin": false, "is_staff": false, "is_active": true, "is_superadmin": false}}, {"model": "accounts.user", "pk": 32, "fields": {"password": "pbkdf2_sha256$390000$QCyLJVp1Lw68tOendXlyob$MWouciONpNU3lmuIcWvcG68Zj75gRGCZwtMxIPucbOE=", "first_name": "CleanchefFirst", "last_name": "CleanCheflastname", "username": "cleanchef", "email": "kalyan.medavarapu@gmail.com", "phone_number": "", "role": 1, "date_joined": "2023-02-18T18:39:32.533Z", "last_login": "2023-03-14T17:13:05.374Z", "created_date": "2023-02-18T18:39:32.533Z", "modified_date": "2023-02-19T11:41:42.273Z", "is_admin": false, "is_staff": false, "is_active": true, "is_superadmin": false}}, {"model": "accounts.user", "pk": 33, "fields": {"password": "pbkdf2_sha256$390000$qcW4sfSm7kzPA6WeeqgMTU$GS/Cc2dOtRmVQ4ypFdFUrKTkDb4V1rO2dvqzGtxbPcc=", "first_name": "Kalyana Chakravarthi", "last_name": "Medavarapu", "username": "kalyanan_m@yahoo.com", "email": "kalyanan_m@yahoo.com", "phone_number": "078895084392", "role": 2, "date_joined": "2023-02-18T18:50:18.527Z", "last_login": "2023-03-14T17:12:21.203Z", "created_date": "2023-02-18T18:50:18.527Z", "modified_date": "2023-03-10T10:22:10.887Z", "is_admin": false, "is_staff": false, "is_active": true, "is_superadmin": false}}, {"model": "accounts.user", "pk": 34, "fields": {"password": "pbkdf2_sha256$390000$y2ZQayHBP90WogF7ww1tbj$EY1o9L0c/UAu9Y/kImNQouGe9Bmum7T8cL63Qet5gcU=", "first_name": "Second Restaurant", "last_name": "Owner", "username": "krishnavenim", "email": "krishnaveni.medavarapu@gmail.com", "phone_number": "", "role": 1, "date_joined": "2023-02-25T21:34:52.477Z", "last_login": "2023-02-25T21:37:21.931Z", "created_date": "2023-02-25T21:34:52.477Z", "modified_date": "2023-02-25T21:37:01.905Z", "is_admin": false, "is_staff": false, "is_active": true, "is_superadmin": false}}, {"model": "accounts.user", "pk": 35, "fields": {"password": "pbkdf2_sha256$390000$njGllGP8Dj4C4pU9KXuv4A$bDkCqNfhAI+ATtVkbFgtW10PqFHd6oeaMOc8kbcTjXw=", "first_name": "hostiseum", "last_name": "another", "username": "hostiseum", "email": "hostiseum@gmail.com", "phone_number": "", "role": 1, "date_joined": "2023-02-27T11:51:06.098Z", "last_login": "2023-02-27T11:51:06.098Z", "created_date": "2023-02-27T11:51:06.098Z", "modified_date": "2023-03-05T19:25:22.838Z", "is_admin": false, "is_staff": false, "is_active": true, "is_superadmin": false}}, {"model": "accounts.userprofile", "pk": 1, "fields": {"user": 2, "profile_picture": "users/profile_pictures/MicrosoftTeams-image_5.png", "cover_picture": "users/cover_pictures/MicrosoftTeams-image_4.png", "address": null, "city": null, "state": null, "country": "United Kingdom", "postcode": "mk89ef", "latitude": "52.5168373", "longitude": "-0.2586031", "location": "SRID=4326;POINT (-0.2586031 52.5168373)", "created_at": "2023-02-10T19:10:41.616Z", "modified_at": "2023-03-13T15:03:39.958Z"}}, {"model": "accounts.userprofile", "pk": 22, "fields": {"user": 23, "profile_picture": "", "cover_picture": "", "address": null, "city": null, "state": null, "country": null, "postcode": null, "latitude": "51.5168373", "longitude": "-0.1586031", "location": "SRID=4326;POINT (-0.1586031 51.5168373)", "created_at": "2023-02-17T15:33:53.412Z", "modified_at": "2023-03-05T19:07:16.795Z"}}, {"model": "accounts.userprofile", "pk": 23, "fields": {"user": 24, "profile_picture": "", "cover_picture": "", "address": null, "city": null, "state": null, "country": null, "postcode": null, "latitude": null, "longitude": null, "location": null, "created_at": "2023-02-17T15:34:54.923Z", "modified_at": "2023-02-18T11:58:22.952Z"}}, {"model": "accounts.userprofile", "pk": 31, "fields": {"user": 32, "profile_picture": "users/profile_pictures/profile-picture-4.PNG", "cover_picture": "users/cover_pictures/cover-photo-1.PNG", "address": "59 Wells Street, London, UK", "city": "MILTON KEYNES", "state": null, "country": "United Kingdom", "postcode": "W1A 3AE", "latitude": "51.5176218", "longitude": "-0.1386031", "location": "SRID=4326;POINT (-0.1386031 51.5176218)", "created_at": "2023-02-18T18:39:32.546Z", "modified_at": "2023-03-14T17:13:05.389Z"}}, {"model": "accounts.userprofile", "pk": 32, "fields": {"user": 33, "profile_picture": "users/profile_pictures/batman.jpeg", "cover_picture": "users/cover_pictures/cover-photo-5.PNG", "address": "60 Holyrood Avenue, Harrow, UK", "city": "MILTON KEYNES", "state": null, "country": "United Kingdom", "postcode": "MK8 9EF", "latitude": "51.5168373", "longitude": "-0.1386031", "location": "SRID=4326;POINT (-0.1386031 51.5168373)", "created_at": "2023-02-18T18:50:18.530Z", "modified_at": "2023-03-14T17:12:21.221Z"}}, {"model": "accounts.userprofile", "pk": 33, "fields": {"user": 34, "profile_picture": "users/profile_pictures/steam-rice.jpg", "cover_picture": "users/cover_pictures/cover-photo-2.PNG", "address": "60 London Wall, London, UK", "city": "MILTON KEYNES", "state": null, "country": "United Kingdom", "postcode": "MK8 9EF", "latitude": "52.0406224", "longitude": "-0.7594171", "location": "SRID=4326;POINT (-0.7594171 52.0406224)", "created_at": "2023-02-25T21:34:52.500Z", "modified_at": "2023-03-05T19:27:51.606Z"}}, {"model": "accounts.userprofile", "pk": 34, "fields": {"user": 35, "profile_picture": "", "cover_picture": "", "address": null, "city": null, "state": null, "country": null, "postcode": null, "latitude": "51.5176218", "longitude": "-0.0869014", "location": "SRID=4326;POINT (-0.0869014 51.5176218)", "created_at": "2023-02-27T11:51:06.102Z", "modified_at": "2023-03-05T19:25:22.915Z"}}, {"model": "vendor.vendor", "pk": 2, "fields": {"user": 23, "user_profile": 22, "vendor_name": "HungryBuff guy", "slug": "HungryBuff-guy", "vendor_license": "vendor/license/MicrosoftTeams-image_4.png", "is_approved": true, "created_at": "2023-02-17T15:33:53.707Z", "modified_at": "2023-03-02T13:11:16.585Z"}}, {"model": "vendor.vendor", "pk": 3, "fields": {"user": 32, "user_profile": 31, "vendor_name": "Melis", "slug": "Clean-Chef", "vendor_license": "vendor/license/iisexpress.png", "is_approved": true, "created_at": "2023-02-18T18:39:32.837Z", "modified_at": "2023-03-02T15:50:07.480Z"}}, {"model": "vendor.vendor", "pk": 4, "fields": {"user": 34, "user_profile": 33, "vendor_name": "Cross Keys", "slug": "Second-Restaurant", "vendor_license": "vendor/license/image-20210915-133217.png", "is_approved": true, "created_at": "2023-02-25T21:34:52.593Z", "modified_at": "2023-03-02T15:49:43.517Z"}}, {"model": "vendor.vendor", "pk": 5, "fields": {"user": 35, "user_profile": 34, "vendor_name": "Turtle Bay Milton Keynes", "slug": "hostiseum-rest-35", "vendor_license": "vendor/license/image-20210915-133217_IRKqMnC.png", "is_approved": true, "created_at": "2023-02-27T11:51:06.148Z", "modified_at": "2023-03-02T15:49:23.558Z"}}, {"model": "vendor.openinghour", "pk": 1, "fields": {"vendor": 2, "day": 1, "from_hour": "02:00 PM", "to_hour": "04:30 PM", "is_closed": false}}, {"model": "vendor.openinghour", "pk": 2, "fields": {"vendor": 2, "day": 1, "from_hour": "06:30 AM", "to_hour": "11:00 PM", "is_closed": false}}, {"model": "vendor.openinghour", "pk": 3, "fields": {"vendor": 5, "day": 2, "from_hour": "06:00 PM", "to_hour": "07:00 PM", "is_closed": false}}, {"model": "vendor.openinghour", "pk": 4, "fields": {"vendor": 4, "day": 3, "from_hour": "07:00 PM", "to_hour": "11:00 PM", "is_closed": false}}, {"model": "vendor.openinghour", "pk": 5, "fields": {"vendor": 2, "day": 2, "from_hour": "02:00 PM", "to_hour": "04:30 AM", "is_closed": false}}, {"model": "vendor.openinghour", "pk": 6, "fields": {"vendor": 2, "day": 3, "from_hour": "02:00 PM", "to_hour": "04:30 AM", "is_closed": false}}, {"model": "vendor.openinghour", "pk": 7, "fields": {"vendor": 2, "day": 4, "from_hour": "02:00 PM", "to_hour": "04:30 AM", "is_closed": false}}, {"model": "vendor.openinghour", "pk": 8, "fields": {"vendor": 2, "day": 5, "from_hour": "09:00 PM", "to_hour": "11:30 PM", "is_closed": false}}, {"model": "vendor.openinghour", "pk": 9, "fields": {"vendor": 2, "day": 6, "from_hour": "01:00 PM", "to_hour": "05:00 AM", "is_closed": false}}, {"model": "vendor.openinghour", "pk": 10, "fields": {"vendor": 2, "day": 7, "from_hour": "", "to_hour": "", "is_closed": true}}, {"model": "vendor.openinghour", "pk": 11, "fields": {"vendor": 5, "day": 1, "from_hour": "", "to_hour": "", "is_closed": true}}, {"model": "vendor.openinghour", "pk": 12, "fields": {"vendor": 5, "day": 2, "from_hour": "07:30 PM", "to_hour": "11:30 PM", "is_closed": true}}, {"model": "vendor.openinghour", "pk": 13, "fields": {"vendor": 5, "day": 3, "from_hour": "", "to_hour": "", "is_closed": true}}, {"model": "vendor.openinghour", "pk": 14, "fields": {"vendor": 5, "day": 4, "from_hour": "08:00 PM", "to_hour": "11:30 PM", "is_closed": false}}, {"model": "vendor.openinghour", "pk": 15, "fields": {"vendor": 5, "day": 5, "from_hour": "10:30 AM", "to_hour": "09:30 PM", "is_closed": false}}, {"model": "vendor.openinghour", "pk": 16, "fields": {"vendor": 5, "day": 6, "from_hour": "07:30 PM", "to_hour": "11:30 PM", "is_closed": false}}, {"model": "vendor.openinghour", "pk": 17, "fields": {"vendor": 5, "day": 7, "from_hour": "03:30 PM", "to_hour": "05:00 AM", "is_closed": false}}, {"model": "vendor.openinghour", "pk": 18, "fields": {"vendor": 4, "day": 1, "from_hour": "04:00 PM", "to_hour": "11:30 PM", "is_closed": false}}, {"model": "vendor.openinghour", "pk": 19, "fields": {"vendor": 4, "day": 2, "from_hour": "05:00 PM", "to_hour": "11:30 PM", "is_closed": false}}, {"model": "vendor.openinghour", "pk": 20, "fields": {"vendor": 4, "day": 5, "from_hour": "08:00 PM", "to_hour": "11:30 PM", "is_closed": false}}, {"model": "vendor.openinghour", "pk": 21, "fields": {"vendor": 4, "day": 6, "from_hour": "08:00 PM", "to_hour": "11:30 PM", "is_closed": false}}, {"model": "vendor.openinghour", "pk": 24, "fields": {"vendor": 4, "day": 7, "from_hour": "", "to_hour": "", "is_closed": true}}, {"model": "vendor.openinghour", "pk": 25, "fields": {"vendor": 4, "day": 6, "from_hour": "", "to_hour": "", "is_closed": true}}, {"model": "vendor.openinghour", "pk": 53, "fields": {"vendor": 3, "day": 2, "from_hour": "01:30 AM", "to_hour": "03:00 AM", "is_closed": false}}, {"model": "vendor.openinghour", "pk": 54, "fields": {"vendor": 3, "day": 3, "from_hour": "12:30 PM", "to_hour": "06:00 PM", "is_closed": false}}, {"model": "vendor.openinghour", "pk": 55, "fields": {"vendor": 3, "day": 1, "from_hour": "07:30 AM", "to_hour": "11:00 PM", "is_closed": false}}, {"model": "menu.category", "pk": 1, "fields": {"created_at": "2023-02-24T13:24:41.035Z", "vendor": 3, "category_name": "Burgers", "slug": "burgers", "description": "Burgers description category", "updated_at": "2023-02-24T13:25:20.132Z"}}, {"model": "menu.category", "pk": 2, "fields": {"created_at": "2023-02-24T13:57:59.174Z", "vendor": 3, "category_name": "Chicken", "slug": "chicken", "description": "Free range chicken", "updated_at": "2023-02-25T12:09:14.239Z"}}, {"model": "menu.category", "pk": 3, "fields": {"created_at": "2023-02-24T13:58:18.056Z", "vendor": 3, "category_name": "Meat Dishes", "slug": "meat-dishes", "description": "Description category for meat dishes", "updated_at": "2023-02-25T09:43:06.295Z"}}, {"model": "menu.category", "pk": 4, "fields": {"created_at": "2023-02-24T13:58:37.137Z", "vendor": 3, "category_name": "Vegetarian dishes", "slug": "vegetarian-dishes", "description": "", "updated_at": "2023-02-24T13:58:37.137Z"}}, {"model": "menu.category", "pk": 16, "fields": {"created_at": "2023-02-25T22:32:30.779Z", "vendor": 4, "category_name": "Hot drinks", "slug": "category1", "description": "Hot Drinks", "updated_at": "2023-03-02T15:58:07.020Z"}}, {"model": "menu.category", "pk": 17, "fields": {"created_at": "2023-02-26T13:10:33.353Z", "vendor": 4, "category_name": "Cold & iced drinks", "slug": "category2", "description": "Cold & Iced Drinks", "updated_at": "2023-03-02T15:58:11.826Z"}}, {"model": "menu.category", "pk": 18, "fields": {"created_at": "2023-03-02T16:01:37.840Z", "vendor": 5, "category_name": "Hot mezzes", "slug": "hot-mezzes", "description": "", "updated_at": "2023-03-02T16:01:37.840Z"}}, {"model": "menu.category", "pk": 19, "fields": {"created_at": "2023-03-02T16:01:55.916Z", "vendor": 5, "category_name": "Chef’s salads", "slug": "chefs-salads", "description": "", "updated_at": "2023-03-02T16:01:55.916Z"}}, {"model": "menu.category", "pk": 20, "fields": {"created_at": "2023-03-02T16:04:43.646Z", "vendor": 2, "category_name": "From the charcoal grill", "slug": "from-the-charcoal-grill", "description": "", "updated_at": "2023-03-02T16:04:43.646Z"}}, {"model": "menu.fooditem", "pk": 9, "fields": {"created_at": "2023-02-28T18:37:26.332Z", "vendor": 3, "category": 4, "food_title": "Vegetarian moussaka", "slug": "vegetable-manchuria", "description": "A vegetarian version of the traditional Mediterranean dish made with aubergine, potato, carrots, courgettes and onions. Topped with a thick layer of Béchamel sauce.A vegetarian version of the traditional Mediterranean dish made with aubergine, potato", "price": "3.45", "image": "foodimages/tuna-fish.jpg", "is_available": true, "updated_at": "2023-03-02T16:00:40.148Z"}}, {"model": "menu.fooditem", "pk": 10, "fields": {"created_at": "2023-03-01T18:26:06.857Z", "vendor": 3, "category": 2, "food_title": "Halep chicken", "slug": "fried-chicken", "description": "Tender chicken pieces with wild mushrooms onion and pepper cooked in a creamy yet authentic Halep sauce.", "price": "3.40", "image": "foodimages/tuna-fish_VwddZnb.jpg", "is_available": true, "updated_at": "2023-03-02T16:01:13.276Z"}}, {"model": "menu.fooditem", "pk": 11, "fields": {"created_at": "2023-03-01T18:28:25.402Z", "vendor": 4, "category": 16, "food_title": "First burger", "slug": "first-burger", "description": "desc", "price": "5.60", "image": "foodimages/profile-picture-3_G9VafyY.PNG", "is_available": true, "updated_at": "2023-03-01T18:30:44.118Z"}}, {"model": "menu.fooditem", "pk": 12, "fields": {"created_at": "2023-03-01T18:28:48.888Z", "vendor": 4, "category": 17, "food_title": "Beautiful burger", "slug": "beautiful-burger", "description": "descr", "price": "6.70", "image": "foodimages/profile-picture-4.PNG", "is_available": true, "updated_at": "2023-03-01T18:30:54.242Z"}}, {"model": "menu.fooditem", "pk": 13, "fields": {"created_at": "2023-03-02T16:02:48.847Z", "vendor": 5, "category": 19, "food_title": "Chicken salad", "slug": "chicken-salad", "description": "Succulent chicken with mixed salad leaves and creamy salad dressing.", "price": "14.95", "image": "foodimages/seafood-600x600.jpg", "is_available": true, "updated_at": "2023-03-02T16:02:48.853Z"}}, {"model": "menu.fooditem", "pk": 14, "fields": {"created_at": "2023-03-02T16:03:28.643Z", "vendor": 5, "category": 19, "food_title": "Halloumi salad", "slug": "halloumi-salad", "description": "Mixed salad leaves and chargrilled halloumi with dressing.", "price": "13.95", "image": "foodimages/tuna-fish_qbuwjgo.jpg", "is_available": true, "updated_at": "2023-03-02T16:03:28.645Z"}}, {"model": "menu.fooditem", "pk": 15, "fields": {"created_at": "2023-03-02T16:05:21.285Z", "vendor": 2, "category": 20, "food_title": "Chicken shish", "slug": "chicken-shish", "description": "Large chunks of succulent chicken breast in a mildly spiced marinade cooked on the skewer over charcoal grill.", "price": "16.50", "image": "foodimages/tuna-fish_7kaiuV9.jpg", "is_available": true, "updated_at": "2023-03-02T16:05:21.288Z"}}, {"model": "menu.fooditem", "pk": 16, "fields": {"created_at": "2023-03-02T16:06:05.202Z", "vendor": 2, "category": 20, "food_title": "Chicken wings", "slug": "chicken-wings", "description": "Marinated chicken wings cooked overcharcoal grill.", "price": "14.95", "image": "foodimages/profile-picture-4_bsJbZ3d.PNG", "is_available": true, "updated_at": "2023-03-02T16:06:05.204Z"}}, {"model": "menu.fooditem", "pk": 17, "fields": {"created_at": "2023-03-02T16:06:35.833Z", "vendor": 2, "category": 20, "food_title": "Lamb shish", "slug": "lamb-shish", "description": "Tender marinated lamb pieces cooked on the\r\nskewer over charcoal grill.", "price": "19.95", "image": "foodimages/seafood-600x600_uz4oufe.jpg", "is_available": true, "updated_at": "2023-03-02T16:06:35.835Z"}}, {"model": "marketplace.cart", "pk": 133, "fields": {"user": 32, "foodItem": 10, "quantity": 1, "created_at": "2023-03-08T17:26:32.441Z", "updated_at": "2023-03-08T17:31:47.928Z"}}, {"model": "marketplace.cart", "pk": 136, "fields": {"user": 2, "foodItem": 15, "quantity": 1, "created_at": "2023-03-10T19:45:50.466Z", "updated_at": "2023-03-10T19:45:50.466Z"}}, {"model": "marketplace.cart", "pk": 137, "fields": {"user": 2, "foodItem": 16, "quantity": 1, "created_at": "2023-03-10T19:45:52.004Z", "updated_at": "2023-03-10T19:45:52.004Z"}}, {"model": "marketplace.cart", "pk": 141, "fields": {"user": 33, "foodItem": 13, "quantity": 3, "created_at": "2023-03-12T12:29:34.075Z", "updated_at": "2023-03-12T20:39:55.251Z"}}, {"model": "marketplace.cart", "pk": 142, "fields": {"user": 33, "foodItem": 14, "quantity": 1, "created_at": "2023-03-12T12:29:35.282Z", "updated_at": "2023-03-12T20:39:50.504Z"}}, {"model": "marketplace.cart", "pk": 143, "fields": {"user": 32, "foodItem": 9, "quantity": 2, "created_at": "2023-03-13T16:51:00.830Z", "updated_at": "2023-03-13T16:51:06.022Z"}}, {"model": "marketplace.cart", "pk": 144, "fields": {"user": 32, "foodItem": 13, "quantity": 1, "created_at": "2023-03-13T18:35:28.755Z", "updated_at": "2023-03-13T18:35:28.755Z"}}, {"model": "marketplace.cart", "pk": 145, "fields": {"user": 32, "foodItem": 14, "quantity": 2, "created_at": "2023-03-13T18:35:29.756Z", "updated_at": "2023-03-13T18:35:30.541Z"}}, {"model": "marketplace.tax", "pk": 1, "fields": {"type": "VAT", "percentage": "20.00", "is_active": true}}, {"model": "order.payment", "pk": 1, "fields": {"user": 33, "transaction_id": "6AD41249PH059613Y", "payment_method": "PayPal", "amount": "37.74", "status": "COMPLETED", "created_at": "2023-03-11T19:27:36.310Z"}}, {"model": "order.payment", "pk": 2, "fields": {"user": 33, "transaction_id": "6B048547383937220", "payment_method": "PayPal", "amount": "37.74", "status": "COMPLETED", "created_at": "2023-03-11T19:42:08.542Z"}}, {"model": "order.payment", "pk": 3, "fields": {"user": 33, "transaction_id": "70E659271G1686115", "payment_method": "PayPal", "amount": "37.74", "status": "COMPLETED", "created_at": "2023-03-11T19:43:18.035Z"}}, {"model": "order.payment", "pk": 4, "fields": {"user": 33, "transaction_id": "9KT24050WH467502K", "payment_method": "PayPal", "amount": "57.54", "status": "COMPLETED", "created_at": "2023-03-11T20:19:57.009Z"}}, {"model": "order.payment", "pk": 5, "fields": {"user": 33, "transaction_id": "0N866254RP4389221", "payment_method": "PayPal", "amount": "64.26", "status": "COMPLETED", "created_at": "2023-03-12T12:06:14.898Z"}}, {"model": "order.payment", "pk": 6, "fields": {"user": 33, "transaction_id": "1VN68024K3802245M", "payment_method": "PayPal", "amount": "64.26", "status": "COMPLETED", "created_at": "2023-03-12T12:09:59.343Z"}}, {"model": "order.payment", "pk": 7, "fields": {"user": 33, "transaction_id": "652366127H1565407", "payment_method": "PayPal", "amount": "64.26", "status": "COMPLETED", "created_at": "2023-03-12T12:13:57.822Z"}}, {"model": "order.payment", "pk": 8, "fields": {"user": 33, "transaction_id": "0LB18470LP6168048", "payment_method": "PayPal", "amount": "64.26", "status": "COMPLETED", "created_at": "2023-03-12T12:21:07.418Z"}}, {"model": "order.payment", "pk": 9, "fields": {"user": 33, "transaction_id": "823144638J5235044", "payment_method": "PayPal", "amount": "87.3", "status": "COMPLETED", "created_at": "2023-03-12T12:23:40.028Z"}}, {"model": "order.payment", "pk": 10, "fields": {"user": 33, "transaction_id": "22Y69367LK515752T", "payment_method": "PayPal", "amount": "69.36", "status": "COMPLETED", "created_at": "2023-03-12T12:30:17.218Z"}}, {"model": "order.payment", "pk": 11, "fields": {"user": 33, "transaction_id": "6BL50990MH3040531", "payment_method": "PayPal", "amount": "69.36", "status": "COMPLETED", "created_at": "2023-03-12T13:23:14.229Z"}}, {"model": "order.payment", "pk": 12, "fields": {"user": 33, "transaction_id": "36045576F42720403", "payment_method": "PayPal", "amount": "69.36", "status": "COMPLETED", "created_at": "2023-03-12T13:27:09.995Z"}}, {"model": "order.payment", "pk": 13, "fields": {"user": 33, "transaction_id": "24D73119YK114750D", "payment_method": "PayPal", "amount": "69.36", "status": "COMPLETED", "created_at": "2023-03-12T13:30:00.636Z"}}, {"model": "order.payment", "pk": 14, "fields": {"user": 33, "transaction_id": "0D801720M52160439", "payment_method": "PayPal", "amount": "69.36", "status": "COMPLETED", "created_at": "2023-03-12T19:08:49.540Z"}}, {"model": "order.payment", "pk": 15, "fields": {"user": 33, "transaction_id": "1CU2195942050234L", "payment_method": "PayPal", "amount": "69.36", "status": "COMPLETED", "created_at": "2023-03-12T19:09:31.519Z"}}, {"model": "order.payment", "pk": 16, "fields": {"user": 33, "transaction_id": "21367536HW733951R", "payment_method": "PayPal", "amount": "70.56", "status": "COMPLETED", "created_at": "2023-03-12T20:40:27.871Z"}}, {"model": "order.payment", "pk": 17, "fields": {"user": 32, "transaction_id": "4AU81573GR358235G", "payment_method": "PayPal", "amount": "12.36", "status": "COMPLETED", "created_at": "2023-03-13T16:51:41.431Z"}}, {"model": "order.payment", "pk": 18, "fields": {"user": 32, "transaction_id": "3Y147232B5356260R", "payment_method": "PayPal", "amount": "12.36", "status": "COMPLETED", "created_at": "2023-03-13T17:33:55.663Z"}}, {"model": "order.payment", "pk": 19, "fields": {"user": 32, "transaction_id": "95U243726E7498341", "payment_method": "PayPal", "amount": "63.78", "status": "COMPLETED", "created_at": "2023-03-13T18:50:07.318Z"}}, {"model": "order.payment", "pk": 20, "fields": {"user": 32, "transaction_id": "19S56500E6418842F", "payment_method": "PayPal", "amount": "63.78", "status": "COMPLETED", "created_at": "2023-03-13T20:03:41.850Z"}}, {"model": "order.payment", "pk": 21, "fields": {"user": 32, "transaction_id": "1XY503484S632031Y", "payment_method": "PayPal", "amount": "63.78", "status": "COMPLETED", "created_at": "2023-03-14T11:59:11.211Z"}}, {"model": "order.payment", "pk": 22, "fields": {"user": 32, "transaction_id": "3YH67670MB7648840", "payment_method": "PayPal", "amount": "63.78", "status": "COMPLETED", "created_at": "2023-03-14T12:04:52.402Z"}}, {"model": "order.payment", "pk": 23, "fields": {"user": 32, "transaction_id": "1CP36302JG514780E", "payment_method": "PayPal", "amount": "63.78", "status": "COMPLETED", "created_at": "2023-03-14T12:07:43.083Z"}}, {"model": "order.payment", "pk": 24, "fields": {"user": 32, "transaction_id": "4YA07295CV0885718", "payment_method": "PayPal", "amount": "63.78", "status": "COMPLETED", "created_at": "2023-03-14T12:09:55.287Z"}}, {"model": "order.payment", "pk": 25, "fields": {"user": 32, "transaction_id": "8LJ74286U74882433", "payment_method": "PayPal", "amount": "63.78", "status": "COMPLETED", "created_at": "2023-03-14T12:11:16.286Z"}}, {"model": "order.payment", "pk": 26, "fields": {"user": 32, "transaction_id": "4NJ18386B27967338", "payment_method": "PayPal", "amount": "63.78", "status": "COMPLETED", "created_at": "2023-03-14T12:12:09.027Z"}}, {"model": "order.payment", "pk": 27, "fields": {"user": 32, "transaction_id": "7JY92291673229437", "payment_method": "PayPal", "amount": "63.78", "status": "COMPLETED", "created_at": "2023-03-14T12:15:48.563Z"}}, {"model": "order.payment", "pk": 28, "fields": {"user": 32, "transaction_id": "4AW1819197883382V", "payment_method": "PayPal", "amount": "63.78", "status": "COMPLETED", "created_at": "2023-03-14T12:23:31.103Z"}}, {"model": "order.payment", "pk": 29, "fields": {"user": 32, "transaction_id": "1LS30893N5312013D", "payment_method": "PayPal", "amount": "63.78", "status": "COMPLETED", "created_at": "2023-03-14T12:24:45.447Z"}}, {"model": "order.payment", "pk": 30, "fields": {"user": 32, "transaction_id": "98510724PE246753U", "payment_method": "PayPal", "amount": "63.78", "status": "COMPLETED", "created_at": "2023-03-14T12:26:49.126Z"}}, {"model": "order.payment", "pk": 31, "fields": {"user": 32, "transaction_id": "93L46057RV561884F", "payment_method": "PayPal", "amount": "63.78", "status": "COMPLETED", "created_at": "2023-03-14T13:02:29.322Z"}}, {"model": "order.payment", "pk": 32, "fields": {"user": 32, "transaction_id": "02F0145573919914R", "payment_method": "PayPal", "amount": "63.78", "status": "COMPLETED", "created_at": "2023-03-14T13:04:58.263Z"}}, {"model": "order.payment", "pk": 33, "fields": {"user": 32, "transaction_id": "4573080822018900P", "payment_method": "PayPal", "amount": "63.78", "status": "COMPLETED", "created_at": "2023-03-14T13:09:13.671Z"}}, {"model": "order.payment", "pk": 34, "fields": {"user": 32, "transaction_id": "86V789737J247944M", "payment_method": "PayPal", "amount": "63.78", "status": "COMPLETED", "created_at": "2023-03-14T13:11:05.511Z"}}, {"model": "order.payment", "pk": 35, "fields": {"user": 32, "transaction_id": "20084455XV571934C", "payment_method": "PayPal", "amount": "63.78", "status": "COMPLETED", "created_at": "2023-03-14T13:13:40.350Z"}}, {"model": "order.payment", "pk": 36, "fields": {"user": 32, "transaction_id": "2N0324482D972084F", "payment_method": "PayPal", "amount": "63.78", "status": "COMPLETED", "created_at": "2023-03-14T13:15:33.376Z"}}, {"model": "order.payment", "pk": 37, "fields": {"user": 32, "transaction_id": "18U70146TJ6468729", "payment_method": "PayPal", "amount": "63.78", "status": "COMPLETED", "created_at": "2023-03-14T13:18:12.548Z"}}, {"model": "order.payment", "pk": 38, "fields": {"user": 32, "transaction_id": "7US68550D6252944X", "payment_method": "PayPal", "amount": "63.78", "status": "COMPLETED", "created_at": "2023-03-14T13:26:40.681Z"}}, {"model": "order.payment", "pk": 39, "fields": {"user": 32, "transaction_id": "2UA860894U470000T", "payment_method": "PayPal", "amount": "63.78", "status": "COMPLETED", "created_at": "2023-03-14T13:32:34.538Z"}}, {"model": "order.payment", "pk": 40, "fields": {"user": 32, "transaction_id": "40P89783HV906903N", "payment_method": "PayPal", "amount": "63.78", "status": "COMPLETED", "created_at": "2023-03-14T13:34:59.191Z"}}, {"model": "order.payment", "pk": 41, "fields": {"user": 32, "transaction_id": "3U051217A3424260C", "payment_method": "PayPal", "amount": "63.78", "status": "COMPLETED", "created_at": "2023-03-14T14:16:51.735Z"}}, {"model": "order.payment", "pk": 42, "fields": {"user": 32, "transaction_id": "437258138H2894936", "payment_method": "PayPal", "amount": "63.78", "status": "COMPLETED", "created_at": "2023-03-14T15:43:13.683Z"}}, {"model": "order.payment", "pk": 43, "fields": {"user": 32, "transaction_id": "5PT76425RH693244Y", "payment_method": "PayPal", "amount": "63.78", "status": "COMPLETED", "created_at": "2023-03-14T15:44:39.527Z"}}, {"model": "order.payment", "pk": 44, "fields": {"user": 32, "transaction_id": "8EJ94240581772230", "payment_method": "PayPal", "amount": "63.78", "status": "COMPLETED", "created_at": "2023-03-14T15:47:23.348Z"}}, {"model": "order.payment", "pk": 45, "fields": {"user": 32, "transaction_id": "58H203319K6173001", "payment_method": "PayPal", "amount": "63.78", "status": "COMPLETED", "created_at": "2023-03-14T15:51:13.603Z"}}, {"model": "order.payment", "pk": 46, "fields": {"user": 32, "transaction_id": "08B738906P719063S", "payment_method": "PayPal", "amount": "63.78", "status": "COMPLETED", "created_at": "2023-03-14T15:53:40.049Z"}}, {"model": "order.payment", "pk": 47, "fields": {"user": 32, "transaction_id": "75F21724YA698051D", "payment_method": "PayPal", "amount": "63.78", "status": "COMPLETED", "created_at": "2023-03-14T15:55:08.606Z"}}, {"model": "order.payment", "pk": 48, "fields": {"user": 32, "transaction_id": "6MA04869F93171402", "payment_method": "PayPal", "amount": "63.78", "status": "COMPLETED", "created_at": "2023-03-14T15:58:35.428Z"}}, {"model": "order.payment", "pk": 49, "fields": {"user": 32, "transaction_id": "0PN37427TF8014608", "payment_method": "PayPal", "amount": "63.78", "status": "COMPLETED", "created_at": "2023-03-14T15:59:15.366Z"}}, {"model": "order.payment", "pk": 50, "fields": {"user": 32, "transaction_id": "09C99581UN2330941", "payment_method": "PayPal", "amount": "63.78", "status": "COMPLETED", "created_at": "2023-03-14T16:00:11.009Z"}}, {"model": "order.payment", "pk": 51, "fields": {"user": 32, "transaction_id": "8K932819LN753193C", "payment_method": "PayPal", "amount": "63.78", "status": "COMPLETED", "created_at": "2023-03-14T16:17:05.280Z"}}, {"model": "order.payment", "pk": 52, "fields": {"user": 32, "transaction_id": "1G2888141N109634A", "payment_method": "PayPal", "amount": "63.78", "status": "COMPLETED", "created_at": "2023-03-14T16:18:18.469Z"}}, {"model": "order.payment", "pk": 53, "fields": {"user": 32, "transaction_id": "9LV68461CU437740W", "payment_method": "PayPal", "amount": "63.78", "status": "COMPLETED", "created_at": "2023-03-14T16:19:58.599Z"}}, {"model": "order.payment", "pk": 54, "fields": {"user": 32, "transaction_id": "7HY395621U626620V", "payment_method": "PayPal", "amount": "63.78", "status": "COMPLETED", "created_at": "2023-03-14T16:21:42.086Z"}}, {"model": "order.payment", "pk": 55, "fields": {"user": 32, "transaction_id": "89N073658E3704510", "payment_method": "PayPal", "amount": "63.78", "status": "COMPLETED", "created_at": "2023-03-14T16:23:48.035Z"}}, {"model": "order.payment", "pk": 56, "fields": {"user": 32, "transaction_id": "49X61317L8961082H", "payment_method": "PayPal", "amount": "63.78", "status": "COMPLETED", "created_at": "2023-03-14T16:25:21.383Z"}}, {"model": "order.payment", "pk": 57, "fields": {"user": 32, "transaction_id": "343804286L691563M", "payment_method": "PayPal", "amount": "63.78", "status": "COMPLETED", "created_at": "2023-03-14T16:27:28.366Z"}}, {"model": "order.payment", "pk": 58, "fields": {"user": 32, "transaction_id": "6GC837115P716641X", "payment_method": "PayPal", "amount": "63.78", "status": "COMPLETED", "created_at": "2023-03-14T16:29:04.355Z"}}, {"model": "order.payment", "pk": 59, "fields": {"user": 32, "transaction_id": "81A70324TV261780J", "payment_method": "PayPal", "amount": "63.78", "status": "COMPLETED", "created_at": "2023-03-14T16:31:20.044Z"}}, {"model": "order.payment", "pk": 60, "fields": {"user": 32, "transaction_id": "0VC203041K500635S", "payment_method": "PayPal", "amount": "63.78", "status": "COMPLETED", "created_at": "2023-03-14T17:09:25.260Z"}}, {"model": "order.order", "pk": 44, "fields": {"user": 34, "payment": 1, "order_number": "234234324", "first_name": "asdf", "last_name": "asdfdsaf", "phone": "34234", "email": "kalyana.medavarapu@gmail.com", "address": "60 Westwood Close", "country": "United Kingdom", "state": "BUCKINGHAMSHIRE", "city": "MILTON KEYNES", "postcode": "MK8 9EF", "total": 100.0, "tax_data": null, "total_data": null, "total_tax": 20.0, "payment_method": "PayPal", "status": "New", "is_ordered": true, "created_at": "2023-03-13T13:23:34.506Z", "updated_at": "2023-03-13T13:23:55.037Z", "vendors": [2, 4]}}, {"model": "order.order", "pk": 45, "fields": {"user": 34, "payment": 2, "order_number": "45609745698435", "first_name": "peroutwertoiy", "last_name": "eroter", "phone": "07889508439", "email": "kalyana.medavarapu@gmail.com", "address": "60 WESTWOOD CLOSE", "country": "United Kingdom", "state": "", "city": "MILTON KEYNES", "postcode": "MK8 9EF", "total": 678.0, "tax_data": null, "total_data": null, "total_tax": 255.0, "payment_method": "PayPal", "status": "New", "is_ordered": true, "created_at": "2023-03-13T13:24:31.635Z", "updated_at": "2023-03-13T13:24:31.635Z", "vendors": [5, 4, 3]}}, {"model": "order.order", "pk": 46, "fields": {"user": 33, "payment": 5, "order_number": "34095908435", "first_name": "dlkljdkaf", "last_name": "iwyeueriwu", "phone": "07889508439", "email": "kalyana.medavarapu@gmail.com", "address": "60 Westwood Close", "country": "United Kingdom", "state": "BUCKINGHAMSHIRE", "city": "MILTON KEYNES", "postcode": "MK8 9EF", "total": 200.0, "tax_data": null, "total_data": null, "total_tax": 324.0, "payment_method": "PayPal", "status": "New", "is_ordered": false, "created_at": "2023-03-13T13:25:42.874Z", "updated_at": "2023-03-13T13:25:42.874Z", "vendors": [4, 3]}}, {"model": "order.order", "pk": 47, "fields": {"user": 32, "payment": 17, "order_number": "2023031316512347", "first_name": "CleanchefFirst", "last_name": "CleanCheflastname", "phone": "", "email": "kalyan.medavarapu@gmail.com", "address": "59 Wells Street, London, UK", "country": "United Kingdom", "state": "", "city": "MILTON KEYNES", "postcode": "W1A 3AE", "total": 12.36, "tax_data": "{\"VAT\": {\"20.00\": 2.06}}", "total_data": null, "total_tax": 2.06, "payment_method": "PayPal", "status": "New", "is_ordered": true, "created_at": "2023-03-13T16:51:23.244Z", "updated_at": "2023-03-13T16:51:41.437Z", "vendors": []}}, {"model": "order.order", "pk": 48, "fields": {"user": 32, "payment": null, "order_number": "2023031316591048", "first_name": "CleanchefFirst", "last_name": "CleanCheflastname", "phone": "", "email": "kalyan.medavarapu@gmail.com", "address": "59 Wells Street, London, UK", "country": "United Kingdom", "state": "", "city": "MILTON KEYNES", "postcode": "W1A 3AE", "total": 12.36, "tax_data": "{\"VAT\": {\"20.00\": 2.06}}", "total_data": null, "total_tax": 2.06, "payment_method": "PayPal", "status": "New", "is_ordered": false, "created_at": "2023-03-13T16:59:10.084Z", "updated_at": "2023-03-13T17:32:56.200Z", "vendors": [3]}}, {"model": "order.order", "pk": 49, "fields": {"user": 32, "payment": 18, "order_number": "2023031317331549", "first_name": "CleanchefFirst", "last_name": "CleanCheflastname", "phone": "", "email": "kalyan.medavarapu@gmail.com", "address": "59 Wells Street, London, UK", "country": "United Kingdom", "state": "", "city": "MILTON KEYNES", "postcode": "W1A 3AE", "total": 12.36, "tax_data": "{\"VAT\": {\"20.00\": 2.06}}", "total_data": null, "total_tax": 2.06, "payment_method": "PayPal", "status": "New", "is_ordered": true, "created_at": "2023-03-13T17:33:15.784Z", "updated_at": "2023-03-13T17:33:55.669Z", "vendors": [3]}}, {"model": "order.order", "pk": 50, "fields": {"user": 32, "payment": 19, "order_number": "2023031318470850", "first_name": "CleanchefFirst", "last_name": "CleanCheflastname", "phone": "", "email": "kalyan.medavarapu@gmail.com", "address": "59 Wells Street, London, UK", "country": "United Kingdom", "state": "", "city": "MILTON KEYNES", "postcode": "W1A 3AE", "total": 63.78, "tax_data": "{\"VAT\": {\"20.00\": 10.63}}", "total_data": "{\"3\": {\"10.30\": \"{'VAT': {'20.00': '2.06'}}\"}, \"5\": {\"53.15\": \"{'VAT': {'20.00': '10.63'}}\"}}", "total_tax": 10.63, "payment_method": "PayPal", "status": "New", "is_ordered": true, "created_at": "2023-03-13T18:47:08.029Z", "updated_at": "2023-03-13T18:50:07.321Z", "vendors": [5, 3]}}, {"model": "order.order", "pk": 51, "fields": {"user": 32, "payment": 20, "order_number": "2023031320032251", "first_name": "CleanchefFirst", "last_name": "CleanCheflastname", "phone": "", "email": "kalyan.medavarapu@gmail.com", "address": "59 Wells Street, London, UK", "country": "United Kingdom", "state": "", "city": "MILTON KEYNES", "postcode": "W1A 3AE", "total": 63.78, "tax_data": "{\"VAT\": {\"20.00\": 10.63}}", "total_data": "{\"3\": {\"10.30\": \"{'VAT': {'20.00': '2.06'}}\"}, \"5\": {\"53.15\": \"{'VAT': {'20.00': '10.63'}}\"}}", "total_tax": 10.63, "payment_method": "PayPal", "status": "New", "is_ordered": true, "created_at": "2023-03-13T20:03:22.899Z", "updated_at": "2023-03-13T20:03:41.858Z", "vendors": [5, 3]}}, {"model": "order.order", "pk": 52, "fields": {"user": 32, "payment": 21, "order_number": "2023031411585252", "first_name": "CleanchefFirst", "last_name": "CleanCheflastname", "phone": "", "email": "kalyan.medavarapu@gmail.com", "address": "59 Wells Street, London, UK", "country": "United Kingdom", "state": "", "city": "MILTON KEYNES", "postcode": "W1A 3AE", "total": 63.78, "tax_data": "{\"VAT\": {\"20.00\": 10.63}}", "total_data": "{\"3\": {\"10.30\": \"{'VAT': {'20.00': '2.06'}}\"}, \"5\": {\"53.15\": \"{'VAT': {'20.00': '10.63'}}\"}}", "total_tax": 10.63, "payment_method": "PayPal", "status": "New", "is_ordered": true, "created_at": "2023-03-14T11:58:52.520Z", "updated_at": "2023-03-14T11:59:11.216Z", "vendors": [5, 3]}}, {"model": "order.order", "pk": 53, "fields": {"user": 32, "payment": 22, "order_number": "2023031412043653", "first_name": "CleanchefFirst", "last_name": "CleanCheflastname", "phone": "", "email": "kalyan.medavarapu@gmail.com", "address": "59 Wells Street, London, UK", "country": "United Kingdom", "state": "", "city": "MILTON KEYNES", "postcode": "W1A 3AE", "total": 63.78, "tax_data": "{\"VAT\": {\"20.00\": 10.63}}", "total_data": "{\"3\": {\"10.30\": \"{'VAT': {'20.00': '2.06'}}\"}, \"5\": {\"53.15\": \"{'VAT': {'20.00': '10.63'}}\"}}", "total_tax": 10.63, "payment_method": "PayPal", "status": "New", "is_ordered": true, "created_at": "2023-03-14T12:04:36.060Z", "updated_at": "2023-03-14T12:04:52.417Z", "vendors": [5, 3]}}, {"model": "order.order", "pk": 54, "fields": {"user": 32, "payment": 23, "order_number": "2023031412073154", "first_name": "CleanchefFirst", "last_name": "CleanCheflastname", "phone": "", "email": "kalyan.medavarapu@gmail.com", "address": "59 Wells Street, London, UK", "country": "United Kingdom", "state": "", "city": "MILTON KEYNES", "postcode": "W1A 3AE", "total": 63.78, "tax_data": "{\"VAT\": {\"20.00\": 10.63}}", "total_data": "{\"3\": {\"10.30\": \"{'VAT': {'20.00': '2.06'}}\"}, \"5\": {\"53.15\": \"{'VAT': {'20.00': '10.63'}}\"}}", "total_tax": 10.63, "payment_method": "PayPal", "status": "New", "is_ordered": true, "created_at": "2023-03-14T12:07:31.325Z", "updated_at": "2023-03-14T12:07:43.086Z", "vendors": [5, 3]}}, {"model": "order.order", "pk": 55, "fields": {"user": 32, "payment": 24, "order_number": "2023031412093955", "first_name": "CleanchefFirst", "last_name": "CleanCheflastname", "phone": "", "email": "kalyan.medavarapu@gmail.com", "address": "59 Wells Street, London, UK", "country": "United Kingdom", "state": "", "city": "MILTON KEYNES", "postcode": "W1A 3AE", "total": 63.78, "tax_data": "{\"VAT\": {\"20.00\": 10.63}}", "total_data": "{\"3\": {\"10.30\": \"{'VAT': {'20.00': '2.06'}}\"}, \"5\": {\"53.15\": \"{'VAT': {'20.00': '10.63'}}\"}}", "total_tax": 10.63, "payment_method": "PayPal", "status": "New", "is_ordered": true, "created_at": "2023-03-14T12:09:39.260Z", "updated_at": "2023-03-14T12:09:55.305Z", "vendors": [5, 3]}}, {"model": "order.order", "pk": 56, "fields": {"user": 32, "payment": 25, "order_number": "2023031412110256", "first_name": "CleanchefFirst", "last_name": "CleanCheflastname", "phone": "", "email": "kalyan.medavarapu@gmail.com", "address": "59 Wells Street, London, UK", "country": "United Kingdom", "state": "", "city": "MILTON KEYNES", "postcode": "W1A 3AE", "total": 63.78, "tax_data": "{\"VAT\": {\"20.00\": 10.63}}", "total_data": "{\"3\": {\"10.30\": \"{'VAT': {'20.00': '2.06'}}\"}, \"5\": {\"53.15\": \"{'VAT': {'20.00': '10.63'}}\"}}", "total_tax": 10.63, "payment_method": "PayPal", "status": "New", "is_ordered": true, "created_at": "2023-03-14T12:11:02.434Z", "updated_at": "2023-03-14T12:11:16.302Z", "vendors": [5, 3]}}, {"model": "order.order", "pk": 57, "fields": {"user": 32, "payment": 26, "order_number": "2023031412115757", "first_name": "CleanchefFirst", "last_name": "CleanCheflastname", "phone": "", "email": "kalyan.medavarapu@gmail.com", "address": "59 Wells Street, London, UK", "country": "United Kingdom", "state": "", "city": "MILTON KEYNES", "postcode": "W1A 3AE", "total": 63.78, "tax_data": "{\"VAT\": {\"20.00\": 10.63}}", "total_data": "{\"3\": {\"10.30\": \"{'VAT': {'20.00': '2.06'}}\"}, \"5\": {\"53.15\": \"{'VAT': {'20.00': '10.63'}}\"}}", "total_tax": 10.63, "payment_method": "PayPal", "status": "New", "is_ordered": true, "created_at": "2023-03-14T12:11:57.372Z", "updated_at": "2023-03-14T12:12:09.030Z", "vendors": [5, 3]}}, {"model": "order.order", "pk": 58, "fields": {"user": 32, "payment": 27, "order_number": "2023031412153058", "first_name": "CleanchefFirst", "last_name": "CleanCheflastname", "phone": "", "email": "kalyan.medavarapu@gmail.com", "address": "59 Wells Street, London, UK", "country": "United Kingdom", "state": "", "city": "MILTON KEYNES", "postcode": "W1A 3AE", "total": 63.78, "tax_data": "{\"VAT\": {\"20.00\": 10.63}}", "total_data": "{\"3\": {\"10.30\": \"{'VAT': {'20.00': '2.06'}}\"}, \"5\": {\"53.15\": \"{'VAT': {'20.00': '10.63'}}\"}}", "total_tax": 10.63, "payment_method": "PayPal", "status": "New", "is_ordered": true, "created_at": "2023-03-14T12:15:30.307Z", "updated_at": "2023-03-14T12:15:48.580Z", "vendors": [5, 3]}}, {"model": "order.order", "pk": 59, "fields": {"user": 32, "payment": 28, "order_number": "2023031412231659", "first_name": "CleanchefFirst", "last_name": "CleanCheflastname", "phone": "", "email": "kalyan.medavarapu@gmail.com", "address": "59 Wells Street, London, UK", "country": "United Kingdom", "state": "", "city": "MILTON KEYNES", "postcode": "W1A 3AE", "total": 63.78, "tax_data": "{\"VAT\": {\"20.00\": 10.63}}", "total_data": "{\"3\": {\"10.30\": \"{'VAT': {'20.00': '2.06'}}\"}, \"5\": {\"53.15\": \"{'VAT': {'20.00': '10.63'}}\"}}", "total_tax": 10.63, "payment_method": "PayPal", "status": "New", "is_ordered": true, "created_at": "2023-03-14T12:23:16.326Z", "updated_at": "2023-03-14T12:23:31.119Z", "vendors": [5, 3]}}, {"model": "order.order", "pk": 60, "fields": {"user": 32, "payment": 29, "order_number": "2023031412243160", "first_name": "CleanchefFirst", "last_name": "CleanCheflastname", "phone": "", "email": "kalyan.medavarapu@gmail.com", "address": "59 Wells Street, London, UK", "country": "United Kingdom", "state": "", "city": "MILTON KEYNES", "postcode": "W1A 3AE", "total": 63.78, "tax_data": "{\"VAT\": {\"20.00\": 10.63}}", "total_data": "{\"3\": {\"10.30\": \"{'VAT': {'20.00': '2.06'}}\"}, \"5\": {\"53.15\": \"{'VAT': {'20.00': '10.63'}}\"}}", "total_tax": 10.63, "payment_method": "PayPal", "status": "New", "is_ordered": true, "created_at": "2023-03-14T12:24:31.627Z", "updated_at": "2023-03-14T12:24:45.450Z", "vendors": [5, 3]}}, {"model": "order.order", "pk": 61, "fields": {"user": 32, "payment": 30, "order_number": "2023031412263461", "first_name": "CleanchefFirst", "last_name": "CleanCheflastname", "phone": "", "email": "kalyan.medavarapu@gmail.com", "address": "59 Wells Street, London, UK", "country": "United Kingdom", "state": "", "city": "MILTON KEYNES", "postcode": "W1A 3AE", "total": 63.78, "tax_data": "{\"VAT\": {\"20.00\": 10.63}}", "total_data": "{\"3\": {\"10.30\": \"{'VAT': {'20.00': '2.06'}}\"}, \"5\": {\"53.15\": \"{'VAT': {'20.00': '10.63'}}\"}}", "total_tax": 10.63, "payment_method": "PayPal", "status": "New", "is_ordered": true, "created_at": "2023-03-14T12:26:34.080Z", "updated_at": "2023-03-14T12:26:49.129Z", "vendors": [5, 3]}}, {"model": "order.order", "pk": 62, "fields": {"user": 32, "payment": 31, "order_number": "2023031413020862", "first_name": "CleanchefFirst", "last_name": "CleanCheflastname", "phone": "", "email": "kalyan.medavarapu@gmail.com", "address": "59 Wells Street, London, UK", "country": "United Kingdom", "state": "", "city": "MILTON KEYNES", "postcode": "W1A 3AE", "total": 63.78, "tax_data": "{\"VAT\": {\"20.00\": 10.63}}", "total_data": "{\"3\": {\"10.30\": \"{'VAT': {'20.00': '2.06'}}\"}, \"5\": {\"53.15\": \"{'VAT': {'20.00': '10.63'}}\"}}", "total_tax": 10.63, "payment_method": "PayPal", "status": "New", "is_ordered": true, "created_at": "2023-03-14T13:02:08.190Z", "updated_at": "2023-03-14T13:02:29.326Z", "vendors": [5, 3]}}, {"model": "order.order", "pk": 63, "fields": {"user": 32, "payment": 32, "order_number": "2023031413044663", "first_name": "CleanchefFirst", "last_name": "CleanCheflastname", "phone": "", "email": "kalyan.medavarapu@gmail.com", "address": "59 Wells Street, London, UK", "country": "United Kingdom", "state": "", "city": "MILTON KEYNES", "postcode": "W1A 3AE", "total": 63.78, "tax_data": "{\"VAT\": {\"20.00\": 10.63}}", "total_data": "{\"3\": {\"10.30\": \"{'VAT': {'20.00': '2.06'}}\"}, \"5\": {\"53.15\": \"{'VAT': {'20.00': '10.63'}}\"}}", "total_tax": 10.63, "payment_method": "PayPal", "status": "New", "is_ordered": true, "created_at": "2023-03-14T13:04:46.279Z", "updated_at": "2023-03-14T13:04:58.277Z", "vendors": [5, 3]}}, {"model": "order.order", "pk": 64, "fields": {"user": 32, "payment": 33, "order_number": "2023031413090164", "first_name": "CleanchefFirst", "last_name": "CleanCheflastname", "phone": "", "email": "kalyan.medavarapu@gmail.com", "address": "59 Wells Street, London, UK", "country": "United Kingdom", "state": "", "city": "MILTON KEYNES", "postcode": "W1A 3AE", "total": 63.78, "tax_data": "{\"VAT\": {\"20.00\": 10.63}}", "total_data": "{\"3\": {\"10.30\": \"{'VAT': {'20.00': '2.06'}}\"}, \"5\": {\"53.15\": \"{'VAT': {'20.00': '10.63'}}\"}}", "total_tax": 10.63, "payment_method": "PayPal", "status": "New", "is_ordered": true, "created_at": "2023-03-14T13:09:01.163Z", "updated_at": "2023-03-14T13:09:13.677Z", "vendors": [5, 3]}}, {"model": "order.order", "pk": 65, "fields": {"user": 32, "payment": 34, "order_number": "2023031413105165", "first_name": "CleanchefFirst", "last_name": "CleanCheflastname", "phone": "", "email": "kalyan.medavarapu@gmail.com", "address": "59 Wells Street, London, UK", "country": "United Kingdom", "state": "", "city": "MILTON KEYNES", "postcode": "W1A 3AE", "total": 63.78, "tax_data": "{\"VAT\": {\"20.00\": 10.63}}", "total_data": "{\"3\": {\"10.30\": \"{'VAT': {'20.00': '2.06'}}\"}, \"5\": {\"53.15\": \"{'VAT': {'20.00': '10.63'}}\"}}", "total_tax": 10.63, "payment_method": "PayPal", "status": "New", "is_ordered": true, "created_at": "2023-03-14T13:10:51.898Z", "updated_at": "2023-03-14T13:11:05.524Z", "vendors": [5, 3]}}, {"model": "order.order", "pk": 66, "fields": {"user": 32, "payment": 35, "order_number": "2023031413132366", "first_name": "CleanchefFirst", "last_name": "CleanCheflastname", "phone": "", "email": "kalyan.medavarapu@gmail.com", "address": "59 Wells Street, London, UK", "country": "United Kingdom", "state": "", "city": "MILTON KEYNES", "postcode": "W1A 3AE", "total": 63.78, "tax_data": "{\"VAT\": {\"20.00\": 10.63}}", "total_data": "{\"3\": {\"10.30\": \"{'VAT': {'20.00': '2.06'}}\"}, \"5\": {\"53.15\": \"{'VAT': {'20.00': '10.63'}}\"}}", "total_tax": 10.63, "payment_method": "PayPal", "status": "New", "is_ordered": true, "created_at": "2023-03-14T13:13:23.876Z", "updated_at": "2023-03-14T13:13:40.353Z", "vendors": [5, 3]}}, {"model": "order.order", "pk": 67, "fields": {"user": 32, "payment": 36, "order_number": "2023031413152067", "first_name": "CleanchefFirst", "last_name": "CleanCheflastname", "phone": "", "email": "kalyan.medavarapu@gmail.com", "address": "59 Wells Street, London, UK", "country": "United Kingdom", "state": "", "city": "MILTON KEYNES", "postcode": "W1A 3AE", "total": 63.78, "tax_data": "{\"VAT\": {\"20.00\": 10.63}}", "total_data": "{\"3\": {\"10.30\": \"{'VAT': {'20.00': '2.06'}}\"}, \"5\": {\"53.15\": \"{'VAT': {'20.00': '10.63'}}\"}}", "total_tax": 10.63, "payment_method": "PayPal", "status": "New", "is_ordered": true, "created_at": "2023-03-14T13:15:20.371Z", "updated_at": "2023-03-14T13:15:33.380Z", "vendors": [5, 3]}}, {"model": "order.order", "pk": 68, "fields": {"user": 32, "payment": 37, "order_number": "2023031413174868", "first_name": "CleanchefFirst", "last_name": "CleanCheflastname", "phone": "", "email": "kalyan.medavarapu@gmail.com", "address": "59 Wells Street, London, UK", "country": "United Kingdom", "state": "", "city": "MILTON KEYNES", "postcode": "W1A 3AE", "total": 63.78, "tax_data": "{\"VAT\": {\"20.00\": 10.63}}", "total_data": "{\"3\": {\"10.30\": \"{'VAT': {'20.00': '2.06'}}\"}, \"5\": {\"53.15\": \"{'VAT': {'20.00': '10.63'}}\"}}", "total_tax": 10.63, "payment_method": "PayPal", "status": "New", "is_ordered": true, "created_at": "2023-03-14T13:17:48.001Z", "updated_at": "2023-03-14T13:18:12.552Z", "vendors": [5, 3]}}, {"model": "order.order", "pk": 69, "fields": {"user": 32, "payment": 38, "order_number": "2023031413262569", "first_name": "CleanchefFirst", "last_name": "CleanCheflastname", "phone": "", "email": "kalyan.medavarapu@gmail.com", "address": "59 Wells Street, London, UK", "country": "United Kingdom", "state": "", "city": "MILTON KEYNES", "postcode": "W1A 3AE", "total": 63.78, "tax_data": "{\"VAT\": {\"20.00\": 10.63}}", "total_data": "{\"3\": {\"10.30\": \"{'VAT': {'20.00': '2.06'}}\"}, \"5\": {\"53.15\": \"{'VAT': {'20.00': '10.63'}}\"}}", "total_tax": 10.63, "payment_method": "PayPal", "status": "New", "is_ordered": true, "created_at": "2023-03-14T13:26:25.417Z", "updated_at": "2023-03-14T13:26:40.697Z", "vendors": [5, 3]}}, {"model": "order.order", "pk": 70, "fields": {"user": 32, "payment": 39, "order_number": "2023031413322170", "first_name": "CleanchefFirst", "last_name": "CleanCheflastname", "phone": "", "email": "kalyan.medavarapu@gmail.com", "address": "59 Wells Street, London, UK", "country": "United Kingdom", "state": "", "city": "MILTON KEYNES", "postcode": "W1A 3AE", "total": 63.78, "tax_data": "{\"VAT\": {\"20.00\": 10.63}}", "total_data": "{\"3\": {\"10.30\": \"{'VAT': {'20.00': '2.06'}}\"}, \"5\": {\"53.15\": \"{'VAT': {'20.00': '10.63'}}\"}}", "total_tax": 10.63, "payment_method": "PayPal", "status": "New", "is_ordered": true, "created_at": "2023-03-14T13:32:21.649Z", "updated_at": "2023-03-14T13:32:34.555Z", "vendors": [5, 3]}}, {"model": "order.order", "pk": 71, "fields": {"user": 32, "payment": 40, "order_number": "2023031413342771", "first_name": "CleanchefFirst", "last_name": "CleanCheflastname", "phone": "", "email": "kalyan.medavarapu@gmail.com", "address": "59 Wells Street, London, UK", "country": "United Kingdom", "state": "", "city": "MILTON KEYNES", "postcode": "W1A 3AE", "total": 63.78, "tax_data": "{\"VAT\": {\"20.00\": 10.63}}", "total_data": "{\"3\": {\"10.30\": \"{'VAT': {'20.00': '2.06'}}\"}, \"5\": {\"53.15\": \"{'VAT': {'20.00': '10.63'}}\"}}", "total_tax": 10.63, "payment_method": "PayPal", "status": "New", "is_ordered": true, "created_at": "2023-03-14T13:34:27.771Z", "updated_at": "2023-03-14T13:34:59.202Z", "vendors": [3, 5]}}, {"model": "order.order", "pk": 72, "fields": {"user": 32, "payment": 41, "order_number": "2023031414162472", "first_name": "CleanchefFirst", "last_name": "CleanCheflastname", "phone": "", "email": "kalyan.medavarapu@gmail.com", "address": "59 Wells Street, London, UK", "country": "United Kingdom", "state": "", "city": "MILTON KEYNES", "postcode": "W1A 3AE", "total": 63.78, "tax_data": "{\"VAT\": {\"20.00\": 10.63}}", "total_data": "{\"3\": {\"10.30\": \"{'VAT': {'20.00': '2.06'}}\"}, \"5\": {\"53.15\": \"{'VAT': {'20.00': '10.63'}}\"}}", "total_tax": 10.63, "payment_method": "PayPal", "status": "New", "is_ordered": true, "created_at": "2023-03-14T14:16:24.689Z", "updated_at": "2023-03-14T14:16:51.751Z", "vendors": [3, 5]}}, {"model": "order.order", "pk": 73, "fields": {"user": 32, "payment": 42, "order_number": "2023031415424473", "first_name": "CleanchefFirst", "last_name": "CleanCheflastname", "phone": "", "email": "kalyan.medavarapu@gmail.com", "address": "59 Wells Street, London, UK", "country": "United Kingdom", "state": "", "city": "MILTON KEYNES", "postcode": "W1A 3AE", "total": 63.78, "tax_data": "{\"VAT\": {\"20.00\": 10.63}}", "total_data": "{\"3\": {\"10.30\": \"{'VAT': {'20.00': '2.06'}}\"}, \"5\": {\"53.15\": \"{'VAT': {'20.00': '10.63'}}\"}}", "total_tax": 10.63, "payment_method": "PayPal", "status": "New", "is_ordered": true, "created_at": "2023-03-14T15:42:44.155Z", "updated_at": "2023-03-14T15:43:13.686Z", "vendors": [3, 5]}}, {"model": "order.order", "pk": 74, "fields": {"user": 32, "payment": 43, "order_number": "2023031415442374", "first_name": "CleanchefFirst", "last_name": "CleanCheflastname", "phone": "", "email": "kalyan.medavarapu@gmail.com", "address": "59 Wells Street, London, UK", "country": "United Kingdom", "state": "", "city": "MILTON KEYNES", "postcode": "W1A 3AE", "total": 63.78, "tax_data": "{\"VAT\": {\"20.00\": 10.63}}", "total_data": "{\"3\": {\"10.30\": \"{'VAT': {'20.00': '2.06'}}\"}, \"5\": {\"53.15\": \"{'VAT': {'20.00': '10.63'}}\"}}", "total_tax": 10.63, "payment_method": "PayPal", "status": "New", "is_ordered": true, "created_at": "2023-03-14T15:44:23.297Z", "updated_at": "2023-03-14T15:44:39.529Z", "vendors": [3, 5]}}, {"model": "order.order", "pk": 75, "fields": {"user": 32, "payment": 44, "order_number": "2023031415471275", "first_name": "CleanchefFirst", "last_name": "CleanCheflastname", "phone": "", "email": "kalyan.medavarapu@gmail.com", "address": "59 Wells Street, London, UK", "country": "United Kingdom", "state": "", "city": "MILTON KEYNES", "postcode": "W1A 3AE", "total": 63.78, "tax_data": "{\"VAT\": {\"20.00\": 10.63}}", "total_data": "{\"3\": {\"10.30\": \"{'VAT': {'20.00': '2.06'}}\"}, \"5\": {\"53.15\": \"{'VAT': {'20.00': '10.63'}}\"}}", "total_tax": 10.63, "payment_method": "PayPal", "status": "New", "is_ordered": true, "created_at": "2023-03-14T15:47:12.994Z", "updated_at": "2023-03-14T15:47:23.350Z", "vendors": [3, 5]}}, {"model": "order.order", "pk": 76, "fields": {"user": 32, "payment": 45, "order_number": "2023031415510076", "first_name": "CleanchefFirst", "last_name": "CleanCheflastname", "phone": "", "email": "kalyan.medavarapu@gmail.com", "address": "59 Wells Street, London, UK", "country": "United Kingdom", "state": "", "city": "MILTON KEYNES", "postcode": "W1A 3AE", "total": 63.78, "tax_data": "{\"VAT\": {\"20.00\": 10.63}}", "total_data": "{\"3\": {\"10.30\": \"{'VAT': {'20.00': '2.06'}}\"}, \"5\": {\"53.15\": \"{'VAT': {'20.00': '10.63'}}\"}}", "total_tax": 10.63, "payment_method": "PayPal", "status": "New", "is_ordered": true, "created_at": "2023-03-14T15:51:00.615Z", "updated_at": "2023-03-14T15:51:13.606Z", "vendors": [3, 5]}}, {"model": "order.order", "pk": 77, "fields": {"user": 32, "payment": 46, "order_number": "2023031415532977", "first_name": "CleanchefFirst", "last_name": "CleanCheflastname", "phone": "", "email": "kalyan.medavarapu@gmail.com", "address": "59 Wells Street, London, UK", "country": "United Kingdom", "state": "", "city": "MILTON KEYNES", "postcode": "W1A 3AE", "total": 63.78, "tax_data": "{\"VAT\": {\"20.00\": 10.63}}", "total_data": "{\"3\": {\"10.30\": \"{'VAT': {'20.00': '2.06'}}\"}, \"5\": {\"53.15\": \"{'VAT': {'20.00': '10.63'}}\"}}", "total_tax": 10.63, "payment_method": "PayPal", "status": "New", "is_ordered": true, "created_at": "2023-03-14T15:53:29.305Z", "updated_at": "2023-03-14T15:53:40.052Z", "vendors": [3, 5]}}, {"model": "order.order", "pk": 78, "fields": {"user": 32, "payment": 47, "order_number": "2023031415545878", "first_name": "CleanchefFirst", "last_name": "CleanCheflastname", "phone": "", "email": "kalyan.medavarapu@gmail.com", "address": "59 Wells Street, London, UK", "country": "United Kingdom", "state": "", "city": "MILTON KEYNES", "postcode": "W1A 3AE", "total": 63.78, "tax_data": "{\"VAT\": {\"20.00\": 10.63}}", "total_data": "{\"3\": {\"10.30\": \"{'VAT': {'20.00': '2.06'}}\"}, \"5\": {\"53.15\": \"{'VAT': {'20.00': '10.63'}}\"}}", "total_tax": 10.63, "payment_method": "PayPal", "status": "New", "is_ordered": true, "created_at": "2023-03-14T15:54:58.135Z", "updated_at": "2023-03-14T15:55:08.610Z", "vendors": [3, 5]}}, {"model": "order.order", "pk": 79, "fields": {"user": 32, "payment": 48, "order_number": "2023031415581979", "first_name": "CleanchefFirst", "last_name": "CleanCheflastname", "phone": "", "email": "kalyan.medavarapu@gmail.com", "address": "59 Wells Street, London, UK", "country": "United Kingdom", "state": "", "city": "MILTON KEYNES", "postcode": "W1A 3AE", "total": 63.78, "tax_data": "{\"VAT\": {\"20.00\": 10.63}}", "total_data": "{\"3\": {\"10.30\": \"{'VAT': {'20.00': '2.06'}}\"}, \"5\": {\"53.15\": \"{'VAT': {'20.00': '10.63'}}\"}}", "total_tax": 10.63, "payment_method": "PayPal", "status": "New", "is_ordered": true, "created_at": "2023-03-14T15:58:19.235Z", "updated_at": "2023-03-14T15:58:35.432Z", "vendors": [3, 5]}}, {"model": "order.order", "pk": 80, "fields": {"user": 32, "payment": 49, "order_number": "2023031415590480", "first_name": "CleanchefFirst", "last_name": "CleanCheflastname", "phone": "", "email": "kalyan.medavarapu@gmail.com", "address": "59 Wells Street, London, UK", "country": "United Kingdom", "state": "", "city": "MILTON KEYNES", "postcode": "W1A 3AE", "total": 63.78, "tax_data": "{\"VAT\": {\"20.00\": 10.63}}", "total_data": "{\"3\": {\"10.30\": \"{'VAT': {'20.00': '2.06'}}\"}, \"5\": {\"53.15\": \"{'VAT': {'20.00': '10.63'}}\"}}", "total_tax": 10.63, "payment_method": "PayPal", "status": "New", "is_ordered": true, "created_at": "2023-03-14T15:59:04.977Z", "updated_at": "2023-03-14T15:59:15.370Z", "vendors": [3, 5]}}, {"model": "order.order", "pk": 81, "fields": {"user": 32, "payment": 50, "order_number": "2023031415595881", "first_name": "CleanchefFirst", "last_name": "CleanCheflastname", "phone": "", "email": "kalyan.medavarapu@gmail.com", "address": "59 Wells Street, London, UK", "country": "United Kingdom", "state": "", "city": "MILTON KEYNES", "postcode": "W1A 3AE", "total": 63.78, "tax_data": "{\"VAT\": {\"20.00\": 10.63}}", "total_data": "{\"3\": {\"10.30\": \"{'VAT': {'20.00': '2.06'}}\"}, \"5\": {\"53.15\": \"{'VAT': {'20.00': '10.63'}}\"}}", "total_tax": 10.63, "payment_method": "PayPal", "status": "New", "is_ordered": true, "created_at": "2023-03-14T15:59:58.544Z", "updated_at": "2023-03-14T16:00:11.012Z", "vendors": [3, 5]}}, {"model": "order.order", "pk": 82, "fields": {"user": 32, "payment": 51, "order_number": "2023031416164982", "first_name": "CleanchefFirst", "last_name": "CleanCheflastname", "phone": "", "email": "kalyan.medavarapu@gmail.com", "address": "59 Wells Street, London, UK", "country": "United Kingdom", "state": "", "city": "MILTON KEYNES", "postcode": "W1A 3AE", "total": 63.78, "tax_data": "{\"VAT\": {\"20.00\": 10.63}}", "total_data": "{\"3\": {\"10.30\": \"{'VAT': {'20.00': '2.06'}}\"}, \"5\": {\"53.15\": \"{'VAT': {'20.00': '10.63'}}\"}}", "total_tax": 10.63, "payment_method": "PayPal", "status": "New", "is_ordered": true, "created_at": "2023-03-14T16:16:49.123Z", "updated_at": "2023-03-14T16:17:05.284Z", "vendors": [3, 5]}}, {"model": "order.order", "pk": 83, "fields": {"user": 32, "payment": 52, "order_number": "2023031416180883", "first_name": "CleanchefFirst", "last_name": "CleanCheflastname", "phone": "", "email": "kalyan.medavarapu@gmail.com", "address": "59 Wells Street, London, UK", "country": "United Kingdom", "state": "", "city": "MILTON KEYNES", "postcode": "W1A 3AE", "total": 63.78, "tax_data": "{\"VAT\": {\"20.00\": 10.63}}", "total_data": "{\"3\": {\"10.30\": \"{'VAT': {'20.00': '2.06'}}\"}, \"5\": {\"53.15\": \"{'VAT': {'20.00': '10.63'}}\"}}", "total_tax": 10.63, "payment_method": "PayPal", "status": "New", "is_ordered": true, "created_at": "2023-03-14T16:18:08.298Z", "updated_at": "2023-03-14T16:18:18.472Z", "vendors": [3, 5]}}, {"model": "order.order", "pk": 84, "fields": {"user": 32, "payment": 53, "order_number": "2023031416194784", "first_name": "CleanchefFirst", "last_name": "CleanCheflastname", "phone": "", "email": "kalyan.medavarapu@gmail.com", "address": "59 Wells Street, London, UK", "country": "United Kingdom", "state": "", "city": "MILTON KEYNES", "postcode": "W1A 3AE", "total": 63.78, "tax_data": "{\"VAT\": {\"20.00\": 10.63}}", "total_data": "{\"3\": {\"10.30\": \"{'VAT': {'20.00': '2.06'}}\"}, \"5\": {\"53.15\": \"{'VAT': {'20.00': '10.63'}}\"}}", "total_tax": 10.63, "payment_method": "PayPal", "status": "New", "is_ordered": true, "created_at": "2023-03-14T16:19:47.884Z", "updated_at": "2023-03-14T16:19:58.603Z", "vendors": [3, 5]}}, {"model": "order.order", "pk": 85, "fields": {"user": 32, "payment": 54, "order_number": "2023031416212885", "first_name": "CleanchefFirst", "last_name": "CleanCheflastname", "phone": "", "email": "kalyan.medavarapu@gmail.com", "address": "59 Wells Street, London, UK", "country": "United Kingdom", "state": "", "city": "MILTON KEYNES", "postcode": "W1A 3AE", "total": 63.78, "tax_data": "{\"VAT\": {\"20.00\": 10.63}}", "total_data": "{\"3\": {\"10.30\": \"{'VAT': {'20.00': '2.06'}}\"}, \"5\": {\"53.15\": \"{'VAT': {'20.00': '10.63'}}\"}}", "total_tax": 10.63, "payment_method": "PayPal", "status": "New", "is_ordered": true, "created_at": "2023-03-14T16:21:28.867Z", "updated_at": "2023-03-14T16:21:42.091Z", "vendors": [3, 5]}}, {"model": "order.order", "pk": 86, "fields": {"user": 32, "payment": 55, "order_number": "2023031416233586", "first_name": "CleanchefFirst", "last_name": "CleanCheflastname", "phone": "", "email": "kalyan.medavarapu@gmail.com", "address": "59 Wells Street, London, UK", "country": "United Kingdom", "state": "", "city": "MILTON KEYNES", "postcode": "W1A 3AE", "total": 63.78, "tax_data": "{\"VAT\": {\"20.00\": 10.63}}", "total_data": "{\"3\": {\"10.30\": \"{'VAT': {'20.00': '2.06'}}\"}, \"5\": {\"53.15\": \"{'VAT': {'20.00': '10.63'}}\"}}", "total_tax": 10.63, "payment_method": "PayPal", "status": "New", "is_ordered": true, "created_at": "2023-03-14T16:23:35.177Z", "updated_at": "2023-03-14T16:23:48.038Z", "vendors": [3, 5]}}, {"model": "order.order", "pk": 87, "fields": {"user": 32, "payment": 56, "order_number": "2023031416245987", "first_name": "CleanchefFirst", "last_name": "CleanCheflastname", "phone": "", "email": "kalyan.medavarapu@gmail.com", "address": "59 Wells Street, London, UK", "country": "United Kingdom", "state": "", "city": "MILTON KEYNES", "postcode": "W1A 3AE", "total": 63.78, "tax_data": "{\"VAT\": {\"20.00\": 10.63}}", "total_data": "{\"3\": {\"10.30\": \"{'VAT': {'20.00': '2.06'}}\"}, \"5\": {\"53.15\": \"{'VAT': {'20.00': '10.63'}}\"}}", "total_tax": 10.63, "payment_method": "PayPal", "status": "New", "is_ordered": true, "created_at": "2023-03-14T16:24:59.956Z", "updated_at": "2023-03-14T16:25:21.388Z", "vendors": [3, 5]}}, {"model": "order.order", "pk": 88, "fields": {"user": 32, "payment": 57, "order_number": "2023031416271788", "first_name": "CleanchefFirst", "last_name": "CleanCheflastname", "phone": "", "email": "kalyan.medavarapu@gmail.com", "address": "59 Wells Street, London, UK", "country": "United Kingdom", "state": "", "city": "MILTON KEYNES", "postcode": "W1A 3AE", "total": 63.78, "tax_data": "{\"VAT\": {\"20.00\": 10.63}}", "total_data": "{\"3\": {\"10.30\": \"{'VAT': {'20.00': '2.06'}}\"}, \"5\": {\"53.15\": \"{'VAT': {'20.00': '10.63'}}\"}}", "total_tax": 10.63, "payment_method": "PayPal", "status": "New", "is_ordered": true, "created_at": "2023-03-14T16:27:17.529Z", "updated_at": "2023-03-14T16:27:28.369Z", "vendors": [3, 5]}}, {"model": "order.order", "pk": 89, "fields": {"user": 32, "payment": 58, "order_number": "2023031416285389", "first_name": "CleanchefFirst", "last_name": "CleanCheflastname", "phone": "", "email": "kalyan.medavarapu@gmail.com", "address": "59 Wells Street, London, UK", "country": "United Kingdom", "state": "", "city": "MILTON KEYNES", "postcode": "W1A 3AE", "total": 63.78, "tax_data": "{\"VAT\": {\"20.00\": 10.63}}", "total_data": "{\"3\": {\"10.30\": \"{'VAT': {'20.00': '2.06'}}\"}, \"5\": {\"53.15\": \"{'VAT': {'20.00': '10.63'}}\"}}", "total_tax": 10.63, "payment_method": "PayPal", "status": "New", "is_ordered": true, "created_at": "2023-03-14T16:28:53.194Z", "updated_at": "2023-03-14T16:29:04.359Z", "vendors": [3, 5]}}, {"model": "order.order", "pk": 90, "fields": {"user": 32, "payment": 59, "order_number": "2023031416310990", "first_name": "CleanchefFirst", "last_name": "CleanCheflastname", "phone": "", "email": "kalyan.medavarapu@gmail.com", "address": "59 Wells Street, London, UK", "country": "United Kingdom", "state": "", "city": "MILTON KEYNES", "postcode": "W1A 3AE", "total": 63.78, "tax_data": "{\"VAT\": {\"20.00\": 10.63}}", "total_data": "{\"3\": {\"10.30\": \"{'VAT': {'20.00': '2.06'}}\"}, \"5\": {\"53.15\": \"{'VAT': {'20.00': '10.63'}}\"}}", "total_tax": 10.63, "payment_method": "PayPal", "status": "New", "is_ordered": true, "created_at": "2023-03-14T16:31:09.705Z", "updated_at": "2023-03-14T16:31:20.047Z", "vendors": [3, 5]}}, {"model": "order.order", "pk": 91, "fields": {"user": 32, "payment": 60, "order_number": "2023031417085891", "first_name": "CleanchefFirst", "last_name": "CleanCheflastname", "phone": "", "email": "kalyan.medavarapu@gmail.com", "address": "59 Wells Street, London, UK", "country": "United Kingdom", "state": "", "city": "MILTON KEYNES", "postcode": "W1A 3AE", "total": 63.78, "tax_data": "{\"VAT\": {\"20.00\": 10.63}}", "total_data": "{\"3\": {\"10.30\": \"{'VAT': {'20.00': '2.06'}}\"}, \"5\": {\"53.15\": \"{'VAT': {'20.00': '10.63'}}\"}}", "total_tax": 10.63, "payment_method": "PayPal", "status": "New", "is_ordered": true, "created_at": "2023-03-14T17:08:58.201Z", "updated_at": "2023-03-14T17:09:25.267Z", "vendors": [3, 5]}}, {"model": "order.orderedfood", "pk": 33, "fields": {"order": 47, "payment": 17, "user": 32, "foodItem": 9, "quantity": 2, "price": 3.45, "amount": 6.9, "created_at": "2023-03-13T16:51:41.454Z", "updated_at": "2023-03-13T16:51:41.454Z"}}, {"model": "order.orderedfood", "pk": 34, "fields": {"order": 47, "payment": 17, "user": 32, "foodItem": 10, "quantity": 1, "price": 3.4, "amount": 3.4, "created_at": "2023-03-13T16:51:41.459Z", "updated_at": "2023-03-13T16:51:41.459Z"}}, {"model": "order.orderedfood", "pk": 35, "fields": {"order": 49, "payment": 18, "user": 32, "foodItem": 9, "quantity": 2, "price": 3.45, "amount": 6.9, "created_at": "2023-03-13T17:33:55.687Z", "updated_at": "2023-03-13T17:33:55.687Z"}}, {"model": "order.orderedfood", "pk": 36, "fields": {"order": 49, "payment": 18, "user": 32, "foodItem": 10, "quantity": 1, "price": 3.4, "amount": 3.4, "created_at": "2023-03-13T17:33:55.700Z", "updated_at": "2023-03-13T17:33:55.700Z"}}, {"model": "order.orderedfood", "pk": 37, "fields": {"order": 50, "payment": 19, "user": 32, "foodItem": 9, "quantity": 2, "price": 3.45, "amount": 6.9, "created_at": "2023-03-13T18:50:07.337Z", "updated_at": "2023-03-13T18:50:07.337Z"}}, {"model": "order.orderedfood", "pk": 38, "fields": {"order": 50, "payment": 19, "user": 32, "foodItem": 13, "quantity": 1, "price": 14.95, "amount": 14.95, "created_at": "2023-03-13T18:50:07.342Z", "updated_at": "2023-03-13T18:50:07.342Z"}}, {"model": "order.orderedfood", "pk": 39, "fields": {"order": 50, "payment": 19, "user": 32, "foodItem": 14, "quantity": 2, "price": 13.95, "amount": 27.9, "created_at": "2023-03-13T18:50:07.346Z", "updated_at": "2023-03-13T18:50:07.346Z"}}, {"model": "order.orderedfood", "pk": 40, "fields": {"order": 50, "payment": 19, "user": 32, "foodItem": 10, "quantity": 1, "price": 3.4, "amount": 3.4, "created_at": "2023-03-13T18:50:07.350Z", "updated_at": "2023-03-13T18:50:07.350Z"}}, {"model": "order.orderedfood", "pk": 41, "fields": {"order": 51, "payment": 20, "user": 32, "foodItem": 9, "quantity": 2, "price": 3.45, "amount": 6.9, "created_at": "2023-03-13T20:03:41.880Z", "updated_at": "2023-03-13T20:03:41.880Z"}}, {"model": "order.orderedfood", "pk": 42, "fields": {"order": 51, "payment": 20, "user": 32, "foodItem": 13, "quantity": 1, "price": 14.95, "amount": 14.95, "created_at": "2023-03-13T20:03:41.887Z", "updated_at": "2023-03-13T20:03:41.887Z"}}, {"model": "order.orderedfood", "pk": 43, "fields": {"order": 51, "payment": 20, "user": 32, "foodItem": 14, "quantity": 2, "price": 13.95, "amount": 27.9, "created_at": "2023-03-13T20:03:41.890Z", "updated_at": "2023-03-13T20:03:41.890Z"}}, {"model": "order.orderedfood", "pk": 44, "fields": {"order": 51, "payment": 20, "user": 32, "foodItem": 10, "quantity": 1, "price": 3.4, "amount": 3.4, "created_at": "2023-03-13T20:03:41.894Z", "updated_at": "2023-03-13T20:03:41.894Z"}}, {"model": "order.orderedfood", "pk": 45, "fields": {"order": 52, "payment": 21, "user": 32, "foodItem": 9, "quantity": 2, "price": 3.45, "amount": 6.9, "created_at": "2023-03-14T11:59:11.231Z", "updated_at": "2023-03-14T11:59:11.231Z"}}, {"model": "order.orderedfood", "pk": 46, "fields": {"order": 52, "payment": 21, "user": 32, "foodItem": 13, "quantity": 1, "price": 14.95, "amount": 14.95, "created_at": "2023-03-14T11:59:11.238Z", "updated_at": "2023-03-14T11:59:11.238Z"}}, {"model": "order.orderedfood", "pk": 47, "fields": {"order": 52, "payment": 21, "user": 32, "foodItem": 14, "quantity": 2, "price": 13.95, "amount": 27.9, "created_at": "2023-03-14T11:59:11.241Z", "updated_at": "2023-03-14T11:59:11.241Z"}}, {"model": "order.orderedfood", "pk": 48, "fields": {"order": 52, "payment": 21, "user": 32, "foodItem": 10, "quantity": 1, "price": 3.4, "amount": 3.4, "created_at": "2023-03-14T11:59:11.245Z", "updated_at": "2023-03-14T11:59:11.245Z"}}, {"model": "order.orderedfood", "pk": 49, "fields": {"order": 53, "payment": 22, "user": 32, "foodItem": 9, "quantity": 2, "price": 3.45, "amount": 6.9, "created_at": "2023-03-14T12:04:52.431Z", "updated_at": "2023-03-14T12:04:52.431Z"}}, {"model": "order.orderedfood", "pk": 50, "fields": {"order": 53, "payment": 22, "user": 32, "foodItem": 13, "quantity": 1, "price": 14.95, "amount": 14.95, "created_at": "2023-03-14T12:04:52.437Z", "updated_at": "2023-03-14T12:04:52.437Z"}}, {"model": "order.orderedfood", "pk": 51, "fields": {"order": 53, "payment": 22, "user": 32, "foodItem": 14, "quantity": 2, "price": 13.95, "amount": 27.9, "created_at": "2023-03-14T12:04:52.443Z", "updated_at": "2023-03-14T12:04:52.443Z"}}, {"model": "order.orderedfood", "pk": 52, "fields": {"order": 53, "payment": 22, "user": 32, "foodItem": 10, "quantity": 1, "price": 3.4, "amount": 3.4, "created_at": "2023-03-14T12:04:52.448Z", "updated_at": "2023-03-14T12:04:52.448Z"}}, {"model": "order.orderedfood", "pk": 53, "fields": {"order": 54, "payment": 23, "user": 32, "foodItem": 9, "quantity": 2, "price": 3.45, "amount": 6.9, "created_at": "2023-03-14T12:07:43.102Z", "updated_at": "2023-03-14T12:07:43.102Z"}}, {"model": "order.orderedfood", "pk": 54, "fields": {"order": 54, "payment": 23, "user": 32, "foodItem": 13, "quantity": 1, "price": 14.95, "amount": 14.95, "created_at": "2023-03-14T12:07:43.106Z", "updated_at": "2023-03-14T12:07:43.106Z"}}, {"model": "order.orderedfood", "pk": 55, "fields": {"order": 54, "payment": 23, "user": 32, "foodItem": 14, "quantity": 2, "price": 13.95, "amount": 27.9, "created_at": "2023-03-14T12:07:43.110Z", "updated_at": "2023-03-14T12:07:43.110Z"}}, {"model": "order.orderedfood", "pk": 56, "fields": {"order": 54, "payment": 23, "user": 32, "foodItem": 10, "quantity": 1, "price": 3.4, "amount": 3.4, "created_at": "2023-03-14T12:07:43.114Z", "updated_at": "2023-03-14T12:07:43.114Z"}}, {"model": "order.orderedfood", "pk": 57, "fields": {"order": 55, "payment": 24, "user": 32, "foodItem": 9, "quantity": 2, "price": 3.45, "amount": 6.9, "created_at": "2023-03-14T12:09:55.324Z", "updated_at": "2023-03-14T12:09:55.324Z"}}, {"model": "order.orderedfood", "pk": 58, "fields": {"order": 55, "payment": 24, "user": 32, "foodItem": 13, "quantity": 1, "price": 14.95, "amount": 14.95, "created_at": "2023-03-14T12:09:55.330Z", "updated_at": "2023-03-14T12:09:55.330Z"}}, {"model": "order.orderedfood", "pk": 59, "fields": {"order": 55, "payment": 24, "user": 32, "foodItem": 14, "quantity": 2, "price": 13.95, "amount": 27.9, "created_at": "2023-03-14T12:09:55.335Z", "updated_at": "2023-03-14T12:09:55.335Z"}}, {"model": "order.orderedfood", "pk": 60, "fields": {"order": 55, "payment": 24, "user": 32, "foodItem": 10, "quantity": 1, "price": 3.4, "amount": 3.4, "created_at": "2023-03-14T12:09:55.340Z", "updated_at": "2023-03-14T12:09:55.340Z"}}, {"model": "order.orderedfood", "pk": 61, "fields": {"order": 56, "payment": 25, "user": 32, "foodItem": 9, "quantity": 2, "price": 3.45, "amount": 6.9, "created_at": "2023-03-14T12:11:16.318Z", "updated_at": "2023-03-14T12:11:16.318Z"}}, {"model": "order.orderedfood", "pk": 62, "fields": {"order": 56, "payment": 25, "user": 32, "foodItem": 13, "quantity": 1, "price": 14.95, "amount": 14.95, "created_at": "2023-03-14T12:11:16.322Z", "updated_at": "2023-03-14T12:11:16.322Z"}}, {"model": "order.orderedfood", "pk": 63, "fields": {"order": 56, "payment": 25, "user": 32, "foodItem": 14, "quantity": 2, "price": 13.95, "amount": 27.9, "created_at": "2023-03-14T12:11:16.327Z", "updated_at": "2023-03-14T12:11:16.328Z"}}, {"model": "order.orderedfood", "pk": 64, "fields": {"order": 56, "payment": 25, "user": 32, "foodItem": 10, "quantity": 1, "price": 3.4, "amount": 3.4, "created_at": "2023-03-14T12:11:16.332Z", "updated_at": "2023-03-14T12:11:16.332Z"}}, {"model": "order.orderedfood", "pk": 65, "fields": {"order": 57, "payment": 26, "user": 32, "foodItem": 9, "quantity": 2, "price": 3.45, "amount": 6.9, "created_at": "2023-03-14T12:12:09.040Z", "updated_at": "2023-03-14T12:12:09.040Z"}}, {"model": "order.orderedfood", "pk": 66, "fields": {"order": 57, "payment": 26, "user": 32, "foodItem": 13, "quantity": 1, "price": 14.95, "amount": 14.95, "created_at": "2023-03-14T12:12:09.045Z", "updated_at": "2023-03-14T12:12:09.045Z"}}, {"model": "order.orderedfood", "pk": 67, "fields": {"order": 57, "payment": 26, "user": 32, "foodItem": 14, "quantity": 2, "price": 13.95, "amount": 27.9, "created_at": "2023-03-14T12:12:09.047Z", "updated_at": "2023-03-14T12:12:09.048Z"}}, {"model": "order.orderedfood", "pk": 68, "fields": {"order": 57, "payment": 26, "user": 32, "foodItem": 10, "quantity": 1, "price": 3.4, "amount": 3.4, "created_at": "2023-03-14T12:12:09.050Z", "updated_at": "2023-03-14T12:12:09.050Z"}}, {"model": "order.orderedfood", "pk": 69, "fields": {"order": 58, "payment": 27, "user": 32, "foodItem": 9, "quantity": 2, "price": 3.45, "amount": 6.9, "created_at": "2023-03-14T12:15:48.602Z", "updated_at": "2023-03-14T12:15:48.602Z"}}, {"model": "order.orderedfood", "pk": 70, "fields": {"order": 58, "payment": 27, "user": 32, "foodItem": 13, "quantity": 1, "price": 14.95, "amount": 14.95, "created_at": "2023-03-14T12:15:48.610Z", "updated_at": "2023-03-14T12:15:48.610Z"}}, {"model": "order.orderedfood", "pk": 71, "fields": {"order": 58, "payment": 27, "user": 32, "foodItem": 14, "quantity": 2, "price": 13.95, "amount": 27.9, "created_at": "2023-03-14T12:15:48.615Z", "updated_at": "2023-03-14T12:15:48.615Z"}}, {"model": "order.orderedfood", "pk": 72, "fields": {"order": 58, "payment": 27, "user": 32, "foodItem": 10, "quantity": 1, "price": 3.4, "amount": 3.4, "created_at": "2023-03-14T12:15:48.619Z", "updated_at": "2023-03-14T12:15:48.619Z"}}, {"model": "order.orderedfood", "pk": 73, "fields": {"order": 59, "payment": 28, "user": 32, "foodItem": 9, "quantity": 2, "price": 3.45, "amount": 6.9, "created_at": "2023-03-14T12:23:31.129Z", "updated_at": "2023-03-14T12:23:31.129Z"}}, {"model": "order.orderedfood", "pk": 74, "fields": {"order": 59, "payment": 28, "user": 32, "foodItem": 13, "quantity": 1, "price": 14.95, "amount": 14.95, "created_at": "2023-03-14T12:23:31.135Z", "updated_at": "2023-03-14T12:23:31.135Z"}}, {"model": "order.orderedfood", "pk": 75, "fields": {"order": 59, "payment": 28, "user": 32, "foodItem": 14, "quantity": 2, "price": 13.95, "amount": 27.9, "created_at": "2023-03-14T12:23:31.138Z", "updated_at": "2023-03-14T12:23:31.138Z"}}, {"model": "order.orderedfood", "pk": 76, "fields": {"order": 59, "payment": 28, "user": 32, "foodItem": 10, "quantity": 1, "price": 3.4, "amount": 3.4, "created_at": "2023-03-14T12:23:31.141Z", "updated_at": "2023-03-14T12:23:31.141Z"}}, {"model": "order.orderedfood", "pk": 77, "fields": {"order": 60, "payment": 29, "user": 32, "foodItem": 9, "quantity": 2, "price": 3.45, "amount": 6.9, "created_at": "2023-03-14T12:24:45.464Z", "updated_at": "2023-03-14T12:24:45.464Z"}}, {"model": "order.orderedfood", "pk": 78, "fields": {"order": 60, "payment": 29, "user": 32, "foodItem": 13, "quantity": 1, "price": 14.95, "amount": 14.95, "created_at": "2023-03-14T12:24:45.469Z", "updated_at": "2023-03-14T12:24:45.470Z"}}, {"model": "order.orderedfood", "pk": 79, "fields": {"order": 60, "payment": 29, "user": 32, "foodItem": 14, "quantity": 2, "price": 13.95, "amount": 27.9, "created_at": "2023-03-14T12:24:45.472Z", "updated_at": "2023-03-14T12:24:45.472Z"}}, {"model": "order.orderedfood", "pk": 80, "fields": {"order": 60, "payment": 29, "user": 32, "foodItem": 10, "quantity": 1, "price": 3.4, "amount": 3.4, "created_at": "2023-03-14T12:24:45.475Z", "updated_at": "2023-03-14T12:24:45.475Z"}}, {"model": "order.orderedfood", "pk": 81, "fields": {"order": 61, "payment": 30, "user": 32, "foodItem": 9, "quantity": 2, "price": 3.45, "amount": 6.9, "created_at": "2023-03-14T12:26:49.146Z", "updated_at": "2023-03-14T12:26:49.146Z"}}, {"model": "order.orderedfood", "pk": 82, "fields": {"order": 61, "payment": 30, "user": 32, "foodItem": 13, "quantity": 1, "price": 14.95, "amount": 14.95, "created_at": "2023-03-14T12:26:49.150Z", "updated_at": "2023-03-14T12:26:49.150Z"}}, {"model": "order.orderedfood", "pk": 83, "fields": {"order": 61, "payment": 30, "user": 32, "foodItem": 14, "quantity": 2, "price": 13.95, "amount": 27.9, "created_at": "2023-03-14T12:26:49.153Z", "updated_at": "2023-03-14T12:26:49.153Z"}}, {"model": "order.orderedfood", "pk": 84, "fields": {"order": 61, "payment": 30, "user": 32, "foodItem": 10, "quantity": 1, "price": 3.4, "amount": 3.4, "created_at": "2023-03-14T12:26:49.158Z", "updated_at": "2023-03-14T12:26:49.158Z"}}, {"model": "order.orderedfood", "pk": 85, "fields": {"order": 62, "payment": 31, "user": 32, "foodItem": 9, "quantity": 2, "price": 3.45, "amount": 6.9, "created_at": "2023-03-14T13:02:29.347Z", "updated_at": "2023-03-14T13:02:29.348Z"}}, {"model": "order.orderedfood", "pk": 86, "fields": {"order": 62, "payment": 31, "user": 32, "foodItem": 13, "quantity": 1, "price": 14.95, "amount": 14.95, "created_at": "2023-03-14T13:02:29.355Z", "updated_at": "2023-03-14T13:02:29.355Z"}}, {"model": "order.orderedfood", "pk": 87, "fields": {"order": 62, "payment": 31, "user": 32, "foodItem": 14, "quantity": 2, "price": 13.95, "amount": 27.9, "created_at": "2023-03-14T13:02:29.359Z", "updated_at": "2023-03-14T13:02:29.359Z"}}, {"model": "order.orderedfood", "pk": 88, "fields": {"order": 62, "payment": 31, "user": 32, "foodItem": 10, "quantity": 1, "price": 3.4, "amount": 3.4, "created_at": "2023-03-14T13:02:29.365Z", "updated_at": "2023-03-14T13:02:29.365Z"}}, {"model": "order.orderedfood", "pk": 89, "fields": {"order": 63, "payment": 32, "user": 32, "foodItem": 9, "quantity": 2, "price": 3.45, "amount": 6.9, "created_at": "2023-03-14T13:04:58.288Z", "updated_at": "2023-03-14T13:04:58.288Z"}}, {"model": "order.orderedfood", "pk": 90, "fields": {"order": 63, "payment": 32, "user": 32, "foodItem": 13, "quantity": 1, "price": 14.95, "amount": 14.95, "created_at": "2023-03-14T13:04:58.292Z", "updated_at": "2023-03-14T13:04:58.292Z"}}, {"model": "order.orderedfood", "pk": 91, "fields": {"order": 63, "payment": 32, "user": 32, "foodItem": 14, "quantity": 2, "price": 13.95, "amount": 27.9, "created_at": "2023-03-14T13:04:58.294Z", "updated_at": "2023-03-14T13:04:58.294Z"}}, {"model": "order.orderedfood", "pk": 92, "fields": {"order": 63, "payment": 32, "user": 32, "foodItem": 10, "quantity": 1, "price": 3.4, "amount": 3.4, "created_at": "2023-03-14T13:04:58.296Z", "updated_at": "2023-03-14T13:04:58.296Z"}}, {"model": "order.orderedfood", "pk": 93, "fields": {"order": 64, "payment": 33, "user": 32, "foodItem": 9, "quantity": 2, "price": 3.45, "amount": 6.9, "created_at": "2023-03-14T13:09:13.693Z", "updated_at": "2023-03-14T13:09:13.693Z"}}, {"model": "order.orderedfood", "pk": 94, "fields": {"order": 64, "payment": 33, "user": 32, "foodItem": 13, "quantity": 1, "price": 14.95, "amount": 14.95, "created_at": "2023-03-14T13:09:13.700Z", "updated_at": "2023-03-14T13:09:13.701Z"}}, {"model": "order.orderedfood", "pk": 95, "fields": {"order": 64, "payment": 33, "user": 32, "foodItem": 14, "quantity": 2, "price": 13.95, "amount": 27.9, "created_at": "2023-03-14T13:09:13.709Z", "updated_at": "2023-03-14T13:09:13.709Z"}}, {"model": "order.orderedfood", "pk": 96, "fields": {"order": 64, "payment": 33, "user": 32, "foodItem": 10, "quantity": 1, "price": 3.4, "amount": 3.4, "created_at": "2023-03-14T13:09:13.713Z", "updated_at": "2023-03-14T13:09:13.713Z"}}, {"model": "order.orderedfood", "pk": 97, "fields": {"order": 65, "payment": 34, "user": 32, "foodItem": 9, "quantity": 2, "price": 3.45, "amount": 6.9, "created_at": "2023-03-14T13:11:05.538Z", "updated_at": "2023-03-14T13:11:05.538Z"}}, {"model": "order.orderedfood", "pk": 98, "fields": {"order": 65, "payment": 34, "user": 32, "foodItem": 13, "quantity": 1, "price": 14.95, "amount": 14.95, "created_at": "2023-03-14T13:11:05.543Z", "updated_at": "2023-03-14T13:11:05.543Z"}}, {"model": "order.orderedfood", "pk": 99, "fields": {"order": 65, "payment": 34, "user": 32, "foodItem": 14, "quantity": 2, "price": 13.95, "amount": 27.9, "created_at": "2023-03-14T13:11:05.547Z", "updated_at": "2023-03-14T13:11:05.547Z"}}, {"model": "order.orderedfood", "pk": 100, "fields": {"order": 65, "payment": 34, "user": 32, "foodItem": 10, "quantity": 1, "price": 3.4, "amount": 3.4, "created_at": "2023-03-14T13:11:05.549Z", "updated_at": "2023-03-14T13:11:05.549Z"}}, {"model": "order.orderedfood", "pk": 101, "fields": {"order": 66, "payment": 35, "user": 32, "foodItem": 9, "quantity": 2, "price": 3.45, "amount": 6.9, "created_at": "2023-03-14T13:13:40.373Z", "updated_at": "2023-03-14T13:13:40.373Z"}}, {"model": "order.orderedfood", "pk": 102, "fields": {"order": 66, "payment": 35, "user": 32, "foodItem": 13, "quantity": 1, "price": 14.95, "amount": 14.95, "created_at": "2023-03-14T13:13:40.380Z", "updated_at": "2023-03-14T13:13:40.380Z"}}, {"model": "order.orderedfood", "pk": 103, "fields": {"order": 66, "payment": 35, "user": 32, "foodItem": 14, "quantity": 2, "price": 13.95, "amount": 27.9, "created_at": "2023-03-14T13:13:40.383Z", "updated_at": "2023-03-14T13:13:40.383Z"}}, {"model": "order.orderedfood", "pk": 104, "fields": {"order": 66, "payment": 35, "user": 32, "foodItem": 10, "quantity": 1, "price": 3.4, "amount": 3.4, "created_at": "2023-03-14T13:13:40.386Z", "updated_at": "2023-03-14T13:13:40.386Z"}}, {"model": "order.orderedfood", "pk": 105, "fields": {"order": 67, "payment": 36, "user": 32, "foodItem": 9, "quantity": 2, "price": 3.45, "amount": 6.9, "created_at": "2023-03-14T13:15:33.393Z", "updated_at": "2023-03-14T13:15:33.393Z"}}, {"model": "order.orderedfood", "pk": 106, "fields": {"order": 67, "payment": 36, "user": 32, "foodItem": 13, "quantity": 1, "price": 14.95, "amount": 14.95, "created_at": "2023-03-14T13:15:33.398Z", "updated_at": "2023-03-14T13:15:33.398Z"}}, {"model": "order.orderedfood", "pk": 107, "fields": {"order": 67, "payment": 36, "user": 32, "foodItem": 14, "quantity": 2, "price": 13.95, "amount": 27.9, "created_at": "2023-03-14T13:15:33.401Z", "updated_at": "2023-03-14T13:15:33.401Z"}}, {"model": "order.orderedfood", "pk": 108, "fields": {"order": 67, "payment": 36, "user": 32, "foodItem": 10, "quantity": 1, "price": 3.4, "amount": 3.4, "created_at": "2023-03-14T13:15:33.410Z", "updated_at": "2023-03-14T13:15:33.410Z"}}, {"model": "order.orderedfood", "pk": 109, "fields": {"order": 68, "payment": 37, "user": 32, "foodItem": 9, "quantity": 2, "price": 3.45, "amount": 6.9, "created_at": "2023-03-14T13:18:12.570Z", "updated_at": "2023-03-14T13:18:12.570Z"}}, {"model": "order.orderedfood", "pk": 110, "fields": {"order": 68, "payment": 37, "user": 32, "foodItem": 13, "quantity": 1, "price": 14.95, "amount": 14.95, "created_at": "2023-03-14T13:18:12.580Z", "updated_at": "2023-03-14T13:18:12.580Z"}}, {"model": "order.orderedfood", "pk": 111, "fields": {"order": 68, "payment": 37, "user": 32, "foodItem": 14, "quantity": 2, "price": 13.95, "amount": 27.9, "created_at": "2023-03-14T13:18:12.584Z", "updated_at": "2023-03-14T13:18:12.584Z"}}, {"model": "order.orderedfood", "pk": 112, "fields": {"order": 68, "payment": 37, "user": 32, "foodItem": 10, "quantity": 1, "price": 3.4, "amount": 3.4, "created_at": "2023-03-14T13:18:12.587Z", "updated_at": "2023-03-14T13:18:12.587Z"}}, {"model": "order.orderedfood", "pk": 113, "fields": {"order": 69, "payment": 38, "user": 32, "foodItem": 9, "quantity": 2, "price": 3.45, "amount": 6.9, "created_at": "2023-03-14T13:26:40.712Z", "updated_at": "2023-03-14T13:26:40.712Z"}}, {"model": "order.orderedfood", "pk": 114, "fields": {"order": 69, "payment": 38, "user": 32, "foodItem": 13, "quantity": 1, "price": 14.95, "amount": 14.95, "created_at": "2023-03-14T13:26:40.719Z", "updated_at": "2023-03-14T13:26:40.719Z"}}, {"model": "order.orderedfood", "pk": 115, "fields": {"order": 69, "payment": 38, "user": 32, "foodItem": 14, "quantity": 2, "price": 13.95, "amount": 27.9, "created_at": "2023-03-14T13:26:40.723Z", "updated_at": "2023-03-14T13:26:40.723Z"}}, {"model": "order.orderedfood", "pk": 116, "fields": {"order": 69, "payment": 38, "user": 32, "foodItem": 10, "quantity": 1, "price": 3.4, "amount": 3.4, "created_at": "2023-03-14T13:26:40.727Z", "updated_at": "2023-03-14T13:26:40.727Z"}}, {"model": "order.orderedfood", "pk": 117, "fields": {"order": 70, "payment": 39, "user": 32, "foodItem": 9, "quantity": 2, "price": 3.45, "amount": 6.9, "created_at": "2023-03-14T13:32:34.599Z", "updated_at": "2023-03-14T13:32:34.599Z"}}, {"model": "order.orderedfood", "pk": 118, "fields": {"order": 70, "payment": 39, "user": 32, "foodItem": 13, "quantity": 1, "price": 14.95, "amount": 14.95, "created_at": "2023-03-14T13:32:34.616Z", "updated_at": "2023-03-14T13:32:34.616Z"}}, {"model": "order.orderedfood", "pk": 119, "fields": {"order": 70, "payment": 39, "user": 32, "foodItem": 14, "quantity": 2, "price": 13.95, "amount": 27.9, "created_at": "2023-03-14T13:32:34.626Z", "updated_at": "2023-03-14T13:32:34.626Z"}}, {"model": "order.orderedfood", "pk": 120, "fields": {"order": 70, "payment": 39, "user": 32, "foodItem": 10, "quantity": 1, "price": 3.4, "amount": 3.4, "created_at": "2023-03-14T13:32:34.636Z", "updated_at": "2023-03-14T13:32:34.636Z"}}, {"model": "order.orderedfood", "pk": 121, "fields": {"order": 71, "payment": 40, "user": 32, "foodItem": 9, "quantity": 2, "price": 3.45, "amount": 6.9, "created_at": "2023-03-14T13:34:59.216Z", "updated_at": "2023-03-14T13:34:59.216Z"}}, {"model": "order.orderedfood", "pk": 122, "fields": {"order": 71, "payment": 40, "user": 32, "foodItem": 13, "quantity": 1, "price": 14.95, "amount": 14.95, "created_at": "2023-03-14T13:34:59.221Z", "updated_at": "2023-03-14T13:34:59.221Z"}}, {"model": "order.orderedfood", "pk": 123, "fields": {"order": 71, "payment": 40, "user": 32, "foodItem": 14, "quantity": 2, "price": 13.95, "amount": 27.9, "created_at": "2023-03-14T13:34:59.224Z", "updated_at": "2023-03-14T13:34:59.224Z"}}, {"model": "order.orderedfood", "pk": 124, "fields": {"order": 71, "payment": 40, "user": 32, "foodItem": 10, "quantity": 1, "price": 3.4, "amount": 3.4, "created_at": "2023-03-14T13:34:59.228Z", "updated_at": "2023-03-14T13:34:59.228Z"}}, {"model": "order.orderedfood", "pk": 125, "fields": {"order": 72, "payment": 41, "user": 32, "foodItem": 9, "quantity": 2, "price": 3.45, "amount": 6.9, "created_at": "2023-03-14T14:16:51.795Z", "updated_at": "2023-03-14T14:16:51.795Z"}}, {"model": "order.orderedfood", "pk": 126, "fields": {"order": 72, "payment": 41, "user": 32, "foodItem": 13, "quantity": 1, "price": 14.95, "amount": 14.95, "created_at": "2023-03-14T14:16:51.810Z", "updated_at": "2023-03-14T14:16:51.810Z"}}, {"model": "order.orderedfood", "pk": 127, "fields": {"order": 72, "payment": 41, "user": 32, "foodItem": 14, "quantity": 2, "price": 13.95, "amount": 27.9, "created_at": "2023-03-14T14:16:51.821Z", "updated_at": "2023-03-14T14:16:51.821Z"}}, {"model": "order.orderedfood", "pk": 128, "fields": {"order": 72, "payment": 41, "user": 32, "foodItem": 10, "quantity": 1, "price": 3.4, "amount": 3.4, "created_at": "2023-03-14T14:16:51.833Z", "updated_at": "2023-03-14T14:16:51.833Z"}}, {"model": "order.orderedfood", "pk": 129, "fields": {"order": 73, "payment": 42, "user": 32, "foodItem": 9, "quantity": 2, "price": 3.45, "amount": 6.9, "created_at": "2023-03-14T15:43:13.693Z", "updated_at": "2023-03-14T15:43:13.693Z"}}, {"model": "order.orderedfood", "pk": 130, "fields": {"order": 73, "payment": 42, "user": 32, "foodItem": 13, "quantity": 1, "price": 14.95, "amount": 14.95, "created_at": "2023-03-14T15:43:13.697Z", "updated_at": "2023-03-14T15:43:13.697Z"}}, {"model": "order.orderedfood", "pk": 131, "fields": {"order": 73, "payment": 42, "user": 32, "foodItem": 14, "quantity": 2, "price": 13.95, "amount": 27.9, "created_at": "2023-03-14T15:43:13.699Z", "updated_at": "2023-03-14T15:43:13.699Z"}}, {"model": "order.orderedfood", "pk": 132, "fields": {"order": 73, "payment": 42, "user": 32, "foodItem": 10, "quantity": 1, "price": 3.4, "amount": 3.4, "created_at": "2023-03-14T15:43:13.701Z", "updated_at": "2023-03-14T15:43:13.701Z"}}, {"model": "order.orderedfood", "pk": 133, "fields": {"order": 74, "payment": 43, "user": 32, "foodItem": 9, "quantity": 2, "price": 3.45, "amount": 6.9, "created_at": "2023-03-14T15:44:39.538Z", "updated_at": "2023-03-14T15:44:39.538Z"}}, {"model": "order.orderedfood", "pk": 134, "fields": {"order": 74, "payment": 43, "user": 32, "foodItem": 13, "quantity": 1, "price": 14.95, "amount": 14.95, "created_at": "2023-03-14T15:44:39.541Z", "updated_at": "2023-03-14T15:44:39.541Z"}}, {"model": "order.orderedfood", "pk": 135, "fields": {"order": 74, "payment": 43, "user": 32, "foodItem": 14, "quantity": 2, "price": 13.95, "amount": 27.9, "created_at": "2023-03-14T15:44:39.543Z", "updated_at": "2023-03-14T15:44:39.543Z"}}, {"model": "order.orderedfood", "pk": 136, "fields": {"order": 74, "payment": 43, "user": 32, "foodItem": 10, "quantity": 1, "price": 3.4, "amount": 3.4, "created_at": "2023-03-14T15:44:39.545Z", "updated_at": "2023-03-14T15:44:39.545Z"}}, {"model": "order.orderedfood", "pk": 137, "fields": {"order": 75, "payment": 44, "user": 32, "foodItem": 9, "quantity": 2, "price": 3.45, "amount": 6.9, "created_at": "2023-03-14T15:47:23.363Z", "updated_at": "2023-03-14T15:47:23.363Z"}}, {"model": "order.orderedfood", "pk": 138, "fields": {"order": 75, "payment": 44, "user": 32, "foodItem": 13, "quantity": 1, "price": 14.95, "amount": 14.95, "created_at": "2023-03-14T15:47:23.367Z", "updated_at": "2023-03-14T15:47:23.367Z"}}, {"model": "order.orderedfood", "pk": 139, "fields": {"order": 75, "payment": 44, "user": 32, "foodItem": 14, "quantity": 2, "price": 13.95, "amount": 27.9, "created_at": "2023-03-14T15:47:23.371Z", "updated_at": "2023-03-14T15:47:23.371Z"}}, {"model": "order.orderedfood", "pk": 140, "fields": {"order": 75, "payment": 44, "user": 32, "foodItem": 10, "quantity": 1, "price": 3.4, "amount": 3.4, "created_at": "2023-03-14T15:47:23.374Z", "updated_at": "2023-03-14T15:47:23.374Z"}}, {"model": "order.orderedfood", "pk": 141, "fields": {"order": 76, "payment": 45, "user": 32, "foodItem": 9, "quantity": 2, "price": 3.45, "amount": 6.9, "created_at": "2023-03-14T15:51:13.620Z", "updated_at": "2023-03-14T15:51:13.620Z"}}, {"model": "order.orderedfood", "pk": 142, "fields": {"order": 76, "payment": 45, "user": 32, "foodItem": 13, "quantity": 1, "price": 14.95, "amount": 14.95, "created_at": "2023-03-14T15:51:13.625Z", "updated_at": "2023-03-14T15:51:13.625Z"}}, {"model": "order.orderedfood", "pk": 143, "fields": {"order": 76, "payment": 45, "user": 32, "foodItem": 14, "quantity": 2, "price": 13.95, "amount": 27.9, "created_at": "2023-03-14T15:51:13.629Z", "updated_at": "2023-03-14T15:51:13.629Z"}}, {"model": "order.orderedfood", "pk": 144, "fields": {"order": 76, "payment": 45, "user": 32, "foodItem": 10, "quantity": 1, "price": 3.4, "amount": 3.4, "created_at": "2023-03-14T15:51:13.632Z", "updated_at": "2023-03-14T15:51:13.632Z"}}, {"model": "order.orderedfood", "pk": 145, "fields": {"order": 77, "payment": 46, "user": 32, "foodItem": 9, "quantity": 2, "price": 3.45, "amount": 6.9, "created_at": "2023-03-14T15:53:40.061Z", "updated_at": "2023-03-14T15:53:40.061Z"}}, {"model": "order.orderedfood", "pk": 146, "fields": {"order": 77, "payment": 46, "user": 32, "foodItem": 13, "quantity": 1, "price": 14.95, "amount": 14.95, "created_at": "2023-03-14T15:53:40.065Z", "updated_at": "2023-03-14T15:53:40.065Z"}}, {"model": "order.orderedfood", "pk": 147, "fields": {"order": 77, "payment": 46, "user": 32, "foodItem": 14, "quantity": 2, "price": 13.95, "amount": 27.9, "created_at": "2023-03-14T15:53:40.067Z", "updated_at": "2023-03-14T15:53:40.067Z"}}, {"model": "order.orderedfood", "pk": 148, "fields": {"order": 77, "payment": 46, "user": 32, "foodItem": 10, "quantity": 1, "price": 3.4, "amount": 3.4, "created_at": "2023-03-14T15:53:40.070Z", "updated_at": "2023-03-14T15:53:40.070Z"}}, {"model": "order.orderedfood", "pk": 149, "fields": {"order": 78, "payment": 47, "user": 32, "foodItem": 9, "quantity": 2, "price": 3.45, "amount": 6.9, "created_at": "2023-03-14T15:55:08.626Z", "updated_at": "2023-03-14T15:55:08.626Z"}}, {"model": "order.orderedfood", "pk": 150, "fields": {"order": 78, "payment": 47, "user": 32, "foodItem": 13, "quantity": 1, "price": 14.95, "amount": 14.95, "created_at": "2023-03-14T15:55:08.637Z", "updated_at": "2023-03-14T15:55:08.637Z"}}, {"model": "order.orderedfood", "pk": 151, "fields": {"order": 78, "payment": 47, "user": 32, "foodItem": 14, "quantity": 2, "price": 13.95, "amount": 27.9, "created_at": "2023-03-14T15:55:08.639Z", "updated_at": "2023-03-14T15:55:08.639Z"}}, {"model": "order.orderedfood", "pk": 152, "fields": {"order": 78, "payment": 47, "user": 32, "foodItem": 10, "quantity": 1, "price": 3.4, "amount": 3.4, "created_at": "2023-03-14T15:55:08.641Z", "updated_at": "2023-03-14T15:55:08.641Z"}}, {"model": "order.orderedfood", "pk": 153, "fields": {"order": 79, "payment": 48, "user": 32, "foodItem": 9, "quantity": 2, "price": 3.45, "amount": 6.9, "created_at": "2023-03-14T15:58:35.442Z", "updated_at": "2023-03-14T15:58:35.442Z"}}, {"model": "order.orderedfood", "pk": 154, "fields": {"order": 79, "payment": 48, "user": 32, "foodItem": 13, "quantity": 1, "price": 14.95, "amount": 14.95, "created_at": "2023-03-14T15:58:35.446Z", "updated_at": "2023-03-14T15:58:35.446Z"}}, {"model": "order.orderedfood", "pk": 155, "fields": {"order": 79, "payment": 48, "user": 32, "foodItem": 14, "quantity": 2, "price": 13.95, "amount": 27.9, "created_at": "2023-03-14T15:58:35.448Z", "updated_at": "2023-03-14T15:58:35.448Z"}}, {"model": "order.orderedfood", "pk": 156, "fields": {"order": 79, "payment": 48, "user": 32, "foodItem": 10, "quantity": 1, "price": 3.4, "amount": 3.4, "created_at": "2023-03-14T15:58:35.450Z", "updated_at": "2023-03-14T15:58:35.450Z"}}, {"model": "order.orderedfood", "pk": 157, "fields": {"order": 80, "payment": 49, "user": 32, "foodItem": 9, "quantity": 2, "price": 3.45, "amount": 6.9, "created_at": "2023-03-14T15:59:15.383Z", "updated_at": "2023-03-14T15:59:15.383Z"}}, {"model": "order.orderedfood", "pk": 158, "fields": {"order": 80, "payment": 49, "user": 32, "foodItem": 13, "quantity": 1, "price": 14.95, "amount": 14.95, "created_at": "2023-03-14T15:59:15.391Z", "updated_at": "2023-03-14T15:59:15.391Z"}}, {"model": "order.orderedfood", "pk": 159, "fields": {"order": 80, "payment": 49, "user": 32, "foodItem": 14, "quantity": 2, "price": 13.95, "amount": 27.9, "created_at": "2023-03-14T15:59:15.394Z", "updated_at": "2023-03-14T15:59:15.394Z"}}, {"model": "order.orderedfood", "pk": 160, "fields": {"order": 80, "payment": 49, "user": 32, "foodItem": 10, "quantity": 1, "price": 3.4, "amount": 3.4, "created_at": "2023-03-14T15:59:15.396Z", "updated_at": "2023-03-14T15:59:15.396Z"}}, {"model": "order.orderedfood", "pk": 161, "fields": {"order": 81, "payment": 50, "user": 32, "foodItem": 9, "quantity": 2, "price": 3.45, "amount": 6.9, "created_at": "2023-03-14T16:00:11.025Z", "updated_at": "2023-03-14T16:00:11.025Z"}}, {"model": "order.orderedfood", "pk": 162, "fields": {"order": 81, "payment": 50, "user": 32, "foodItem": 13, "quantity": 1, "price": 14.95, "amount": 14.95, "created_at": "2023-03-14T16:00:11.028Z", "updated_at": "2023-03-14T16:00:11.028Z"}}, {"model": "order.orderedfood", "pk": 163, "fields": {"order": 81, "payment": 50, "user": 32, "foodItem": 14, "quantity": 2, "price": 13.95, "amount": 27.9, "created_at": "2023-03-14T16:00:11.031Z", "updated_at": "2023-03-14T16:00:11.031Z"}}, {"model": "order.orderedfood", "pk": 164, "fields": {"order": 81, "payment": 50, "user": 32, "foodItem": 10, "quantity": 1, "price": 3.4, "amount": 3.4, "created_at": "2023-03-14T16:00:11.035Z", "updated_at": "2023-03-14T16:00:11.035Z"}}, {"model": "order.orderedfood", "pk": 165, "fields": {"order": 82, "payment": 51, "user": 32, "foodItem": 9, "quantity": 2, "price": 3.45, "amount": 6.9, "created_at": "2023-03-14T16:17:05.301Z", "updated_at": "2023-03-14T16:17:05.301Z"}}, {"model": "order.orderedfood", "pk": 166, "fields": {"order": 82, "payment": 51, "user": 32, "foodItem": 13, "quantity": 1, "price": 14.95, "amount": 14.95, "created_at": "2023-03-14T16:17:05.312Z", "updated_at": "2023-03-14T16:17:05.312Z"}}, {"model": "order.orderedfood", "pk": 167, "fields": {"order": 82, "payment": 51, "user": 32, "foodItem": 14, "quantity": 2, "price": 13.95, "amount": 27.9, "created_at": "2023-03-14T16:17:05.315Z", "updated_at": "2023-03-14T16:17:05.315Z"}}, {"model": "order.orderedfood", "pk": 168, "fields": {"order": 82, "payment": 51, "user": 32, "foodItem": 10, "quantity": 1, "price": 3.4, "amount": 3.4, "created_at": "2023-03-14T16:17:05.318Z", "updated_at": "2023-03-14T16:17:05.318Z"}}, {"model": "order.orderedfood", "pk": 169, "fields": {"order": 83, "payment": 52, "user": 32, "foodItem": 9, "quantity": 2, "price": 3.45, "amount": 6.9, "created_at": "2023-03-14T16:18:18.484Z", "updated_at": "2023-03-14T16:18:18.484Z"}}, {"model": "order.orderedfood", "pk": 170, "fields": {"order": 83, "payment": 52, "user": 32, "foodItem": 13, "quantity": 1, "price": 14.95, "amount": 14.95, "created_at": "2023-03-14T16:18:18.488Z", "updated_at": "2023-03-14T16:18:18.488Z"}}, {"model": "order.orderedfood", "pk": 171, "fields": {"order": 83, "payment": 52, "user": 32, "foodItem": 14, "quantity": 2, "price": 13.95, "amount": 27.9, "created_at": "2023-03-14T16:18:18.489Z", "updated_at": "2023-03-14T16:18:18.489Z"}}, {"model": "order.orderedfood", "pk": 172, "fields": {"order": 83, "payment": 52, "user": 32, "foodItem": 10, "quantity": 1, "price": 3.4, "amount": 3.4, "created_at": "2023-03-14T16:18:18.491Z", "updated_at": "2023-03-14T16:18:18.491Z"}}, {"model": "order.orderedfood", "pk": 173, "fields": {"order": 84, "payment": 53, "user": 32, "foodItem": 9, "quantity": 2, "price": 3.45, "amount": 6.9, "created_at": "2023-03-14T16:19:58.614Z", "updated_at": "2023-03-14T16:19:58.614Z"}}, {"model": "order.orderedfood", "pk": 174, "fields": {"order": 84, "payment": 53, "user": 32, "foodItem": 13, "quantity": 1, "price": 14.95, "amount": 14.95, "created_at": "2023-03-14T16:19:58.620Z", "updated_at": "2023-03-14T16:19:58.620Z"}}, {"model": "order.orderedfood", "pk": 175, "fields": {"order": 84, "payment": 53, "user": 32, "foodItem": 14, "quantity": 2, "price": 13.95, "amount": 27.9, "created_at": "2023-03-14T16:19:58.622Z", "updated_at": "2023-03-14T16:19:58.622Z"}}, {"model": "order.orderedfood", "pk": 176, "fields": {"order": 84, "payment": 53, "user": 32, "foodItem": 10, "quantity": 1, "price": 3.4, "amount": 3.4, "created_at": "2023-03-14T16:19:58.624Z", "updated_at": "2023-03-14T16:19:58.624Z"}}, {"model": "order.orderedfood", "pk": 177, "fields": {"order": 85, "payment": 54, "user": 32, "foodItem": 9, "quantity": 2, "price": 3.45, "amount": 6.9, "created_at": "2023-03-14T16:21:42.102Z", "updated_at": "2023-03-14T16:21:42.102Z"}}, {"model": "order.orderedfood", "pk": 178, "fields": {"order": 85, "payment": 54, "user": 32, "foodItem": 13, "quantity": 1, "price": 14.95, "amount": 14.95, "created_at": "2023-03-14T16:21:42.108Z", "updated_at": "2023-03-14T16:21:42.109Z"}}, {"model": "order.orderedfood", "pk": 179, "fields": {"order": 85, "payment": 54, "user": 32, "foodItem": 14, "quantity": 2, "price": 13.95, "amount": 27.9, "created_at": "2023-03-14T16:21:42.111Z", "updated_at": "2023-03-14T16:21:42.111Z"}}, {"model": "order.orderedfood", "pk": 180, "fields": {"order": 85, "payment": 54, "user": 32, "foodItem": 10, "quantity": 1, "price": 3.4, "amount": 3.4, "created_at": "2023-03-14T16:21:42.112Z", "updated_at": "2023-03-14T16:21:42.112Z"}}, {"model": "order.orderedfood", "pk": 181, "fields": {"order": 86, "payment": 55, "user": 32, "foodItem": 9, "quantity": 2, "price": 3.45, "amount": 6.9, "created_at": "2023-03-14T16:23:48.050Z", "updated_at": "2023-03-14T16:23:48.050Z"}}, {"model": "order.orderedfood", "pk": 182, "fields": {"order": 86, "payment": 55, "user": 32, "foodItem": 13, "quantity": 1, "price": 14.95, "amount": 14.95, "created_at": "2023-03-14T16:23:48.054Z", "updated_at": "2023-03-14T16:23:48.054Z"}}, {"model": "order.orderedfood", "pk": 183, "fields": {"order": 86, "payment": 55, "user": 32, "foodItem": 14, "quantity": 2, "price": 13.95, "amount": 27.9, "created_at": "2023-03-14T16:23:48.057Z", "updated_at": "2023-03-14T16:23:48.057Z"}}, {"model": "order.orderedfood", "pk": 184, "fields": {"order": 86, "payment": 55, "user": 32, "foodItem": 10, "quantity": 1, "price": 3.4, "amount": 3.4, "created_at": "2023-03-14T16:23:48.060Z", "updated_at": "2023-03-14T16:23:48.060Z"}}, {"model": "order.orderedfood", "pk": 185, "fields": {"order": 87, "payment": 56, "user": 32, "foodItem": 9, "quantity": 2, "price": 3.45, "amount": 6.9, "created_at": "2023-03-14T16:25:21.398Z", "updated_at": "2023-03-14T16:25:21.398Z"}}, {"model": "order.orderedfood", "pk": 186, "fields": {"order": 87, "payment": 56, "user": 32, "foodItem": 13, "quantity": 1, "price": 14.95, "amount": 14.95, "created_at": "2023-03-14T16:25:21.402Z", "updated_at": "2023-03-14T16:25:21.402Z"}}, {"model": "order.orderedfood", "pk": 187, "fields": {"order": 87, "payment": 56, "user": 32, "foodItem": 14, "quantity": 2, "price": 13.95, "amount": 27.9, "created_at": "2023-03-14T16:25:21.404Z", "updated_at": "2023-03-14T16:25:21.404Z"}}, {"model": "order.orderedfood", "pk": 188, "fields": {"order": 87, "payment": 56, "user": 32, "foodItem": 10, "quantity": 1, "price": 3.4, "amount": 3.4, "created_at": "2023-03-14T16:25:21.406Z", "updated_at": "2023-03-14T16:25:21.406Z"}}, {"model": "order.orderedfood", "pk": 189, "fields": {"order": 88, "payment": 57, "user": 32, "foodItem": 9, "quantity": 2, "price": 3.45, "amount": 6.9, "created_at": "2023-03-14T16:27:28.381Z", "updated_at": "2023-03-14T16:27:28.381Z"}}, {"model": "order.orderedfood", "pk": 190, "fields": {"order": 88, "payment": 57, "user": 32, "foodItem": 13, "quantity": 1, "price": 14.95, "amount": 14.95, "created_at": "2023-03-14T16:27:28.385Z", "updated_at": "2023-03-14T16:27:28.385Z"}}, {"model": "order.orderedfood", "pk": 191, "fields": {"order": 88, "payment": 57, "user": 32, "foodItem": 14, "quantity": 2, "price": 13.95, "amount": 27.9, "created_at": "2023-03-14T16:27:28.388Z", "updated_at": "2023-03-14T16:27:28.388Z"}}, {"model": "order.orderedfood", "pk": 192, "fields": {"order": 88, "payment": 57, "user": 32, "foodItem": 10, "quantity": 1, "price": 3.4, "amount": 3.4, "created_at": "2023-03-14T16:27:28.391Z", "updated_at": "2023-03-14T16:27:28.391Z"}}, {"model": "order.orderedfood", "pk": 193, "fields": {"order": 89, "payment": 58, "user": 32, "foodItem": 9, "quantity": 2, "price": 3.45, "amount": 6.9, "created_at": "2023-03-14T16:29:04.375Z", "updated_at": "2023-03-14T16:29:04.375Z"}}, {"model": "order.orderedfood", "pk": 194, "fields": {"order": 89, "payment": 58, "user": 32, "foodItem": 13, "quantity": 1, "price": 14.95, "amount": 14.95, "created_at": "2023-03-14T16:29:04.380Z", "updated_at": "2023-03-14T16:29:04.380Z"}}, {"model": "order.orderedfood", "pk": 195, "fields": {"order": 89, "payment": 58, "user": 32, "foodItem": 14, "quantity": 2, "price": 13.95, "amount": 27.9, "created_at": "2023-03-14T16:29:04.385Z", "updated_at": "2023-03-14T16:29:04.385Z"}}, {"model": "order.orderedfood", "pk": 196, "fields": {"order": 89, "payment": 58, "user": 32, "foodItem": 10, "quantity": 1, "price": 3.4, "amount": 3.4, "created_at": "2023-03-14T16:29:04.390Z", "updated_at": "2023-03-14T16:29:04.390Z"}}, {"model": "order.orderedfood", "pk": 197, "fields": {"order": 90, "payment": 59, "user": 32, "foodItem": 9, "quantity": 2, "price": 3.45, "amount": 6.9, "created_at": "2023-03-14T16:31:20.056Z", "updated_at": "2023-03-14T16:31:20.056Z"}}, {"model": "order.orderedfood", "pk": 198, "fields": {"order": 90, "payment": 59, "user": 32, "foodItem": 13, "quantity": 1, "price": 14.95, "amount": 14.95, "created_at": "2023-03-14T16:31:20.061Z", "updated_at": "2023-03-14T16:31:20.061Z"}}, {"model": "order.orderedfood", "pk": 199, "fields": {"order": 90, "payment": 59, "user": 32, "foodItem": 14, "quantity": 2, "price": 13.95, "amount": 27.9, "created_at": "2023-03-14T16:31:20.062Z", "updated_at": "2023-03-14T16:31:20.062Z"}}, {"model": "order.orderedfood", "pk": 200, "fields": {"order": 90, "payment": 59, "user": 32, "foodItem": 10, "quantity": 1, "price": 3.4, "amount": 3.4, "created_at": "2023-03-14T16:31:20.064Z", "updated_at": "2023-03-14T16:31:20.064Z"}}, {"model": "order.orderedfood", "pk": 201, "fields": {"order": 91, "payment": 60, "user": 32, "foodItem": 9, "quantity": 2, "price": 3.45, "amount": 6.9, "created_at": "2023-03-14T17:09:25.296Z", "updated_at": "2023-03-14T17:09:25.296Z"}}, {"model": "order.orderedfood", "pk": 202, "fields": {"order": 91, "payment": 60, "user": 32, "foodItem": 13, "quantity": 1, "price": 14.95, "amount": 14.95, "created_at": "2023-03-14T17:09:25.309Z", "updated_at": "2023-03-14T17:09:25.309Z"}}, {"model": "order.orderedfood", "pk": 203, "fields": {"order": 91, "payment": 60, "user": 32, "foodItem": 14, "quantity": 2, "price": 13.95, "amount": 27.9, "created_at": "2023-03-14T17:09:25.316Z", "updated_at": "2023-03-14T17:09:25.316Z"}}, {"model": "order.orderedfood", "pk": 204, "fields": {"order": 91, "payment": 60, "user": 32, "foodItem": 10, "quantity": 1, "price": 3.4, "amount": 3.4, "created_at": "2023-03-14T17:09:25.324Z", "updated_at": "2023-03-14T17:09:25.324Z"}}]